,Unnamed: 0,StateWellNumber,StateWel_1,LatitudeDD,Dlat,Mlat,Slat,LongitudeD,Dlong,Mlong,Slong,TDS_mg/L,WellDepth,SAR,Hardness_mg/L,Calcium_mg/L,Magnesium_mg/L,Sulfate_mg/L,Chloride_mg/L,Fluoride_mg/L,pH,Texture_SSURGO,Texture_Num,Clay_SSURGO,SAR_SSURGO,EC_SSURGO,label,ppt
0,0,1819901,1819901,33.625555,33,37,32.0,-96.658056,96,39,29.0,360.0,872,24.24,6.0,1.2,0.85,30.0,11.0,1.0,8.3,Silty clay,2,55.0,1,2.0,0,1073.851318
1,1,1820804,1820804,33.635834,33,38,9.0,-96.564167,96,33,51.0,551.5,1044,27.7225,14.25,2.25,2.25,42.25,12.75,1.0,8.75,Silty clay,2,55.0,1,2.0,0,1074.579956
2,2,1820805,1820805,33.641667,33,38,30.0,-96.560278,96,33,37.0,202.0,1022,24.42,2.0,0.8,0.05,17.5,13.4,0.3,7.2,Silty clay,2,55.0,1,2.0,0,1073.386353
3,3,1827203,1827203,33.621111,33,37,16.0,-96.683611,96,41,1.0,2306.0,900,76.9575,27.25,7.0,2.5,18.25,980.25,2.125,8.15,Silty clay,2,55.0,1,2.0,1,1073.851318
4,4,1827801,1827801,33.5325,33,31,57.0,-96.701945,96,42,7.0,479.5714286,950,51.97142857,2.285714286,0.8,0.31,68.0,11.5,0.81,8.734285714,Silty clay,2,55.0,1,2.0,0,1051.391113
5,5,1827804,1827804,33.525,33,31,30.0,-96.6725,96,40,21.0,651.3333333,1061,58.84,3.666666667,0.866666667,0.506666667,100.0,13.66666667,0.866666667,8.536666667,Silty clay,2,55.0,1,2.0,0,1055.994873
6,6,1828301,1828301,33.612778,33,36,46.0,-96.535,96,32,6.0,320.0,745,21.96,7.0,2.0,0.5,20.0,4.0,0.8,9.0,Silty clay,2,55.0,1,2.0,0,1073.386353
7,7,1829103,1829103,33.603889,33,36,14.0,-96.465834,96,27,57.0,333.5,970,19.82,7.5,1.5,1.0,47.5,10.0,0.7,8.4,Silty clay,2,55.0,1,2.0,0,1080.079712
8,8,1835601,1835601,33.4533333,33,27,12.0,-96.645,96,38,42.0,798.0,1023,61.182,5.6,1.0,1.0,74.0,29.0,1.402,8.812,Silty clay,2,55.0,1,2.0,0,1052.290772
9,9,1837601,1837601,33.422778,33,25,22.0,-96.402223,96,24,8.0,742.0,1638,48.56,6.0,1.0,1.0,176.0,45.0,1.2,8.55,Silty clay,2,55.0,1,2.0,0,1080.505859
10,10,1837603,1837603,33.423611,33,25,25.0,-96.402223,96,24,8.0,749.0,1780,66.115,3.5,1.6,0.2,180.6,47.5,1.055,8.4325,Silty clay,2,55.0,1,2.0,0,1080.505859
11,11,1845803,1845803,33.277222,33,16,38.0,-96.431944,96,25,55.0,426.0,1890,35.8,4.0,1.6,0.1,50.0,26.9,1.0,8.5,Silty clay,2,55.0,1,2.0,0,1074.323608
12,12,1849602,1849602,33.168611,33,10,7.0,-96.890556,96,53,26.0,1557.0,570,76.63,11.0,3.0,1.0,288.0,256.0,2.4,8.7,Clay loam,6,53.0,5,2.0,1,1001.154358
13,13,1849901,1849901,33.154167,33,9,15.0,-96.886945,96,53,13.0,1884.0,275,64.12,23.0,6.0,2.0,408.0,370.0,3.4,8.0,Clay loam,6,53.0,5,2.0,1,1001.154358
14,14,1857505,1857505,33.075833,33,4,33.0,-96.922222,96,55,20.0,1119.5,363,53.465,13.0,3.0,1.5,169.0,147.5,3.35,9.05,Clay loam,6,53.0,5,2.0,1,988.1607666
15,15,1857506,1857506,33.081944,33,4,55.0,-96.920833,96,55,15.0,1145.5,335,61.875,10.0,2.5,1.0,169.5,159.0,3.1,8.95,Clay loam,6,53.0,5,2.0,1,988.1607666
16,16,1857603,1857603,33.064167,33,3,51.0,-96.911389,96,54,41.0,939.6666667,530,53.43333333,8.666666667,3.0,0.73,154.0,65.0,1.763333333,8.596666667,Clay loam,6,53.0,5,2.0,0,988.1607666
17,17,1849801,1849801,33.141945,33,8,31.0,-96.9175,96,55,3.0,787.2,420,42.914,10.6,2.0,1.5,78.0,32.25,2.02,8.524,Clay,1,53.0,5,2.0,1,989.069458
18,18,1849906,1849906,33.165834,33,9,57.0,-96.910556,96,54,38.0,997.0,350,67.34,6.0,1.0,1.0,112.0,104.0,1.8,8.6,Clay,1,53.0,5,2.0,0,991.3787842
19,19,1857202,1857202,33.096945,33,5,49.0,-96.941667,96,56,30.0,887.0,404,50.675,7.0,2.0,1.0,166.0,74.0,2.55,8.75,Clay,1,53.0,5,2.0,1,976.8447876
20,20,1855401,1855401,33.204723,33,12,17.0,-96.237778,96,14,16.0,2025.25,2400,86.3125,15.0,6.4,1.8,360.0,400.0,2.6325,8.3375,Clay,1,52.5,1,2.0,1,1097.801514
21,21,3320801,3320801,32.652778,32,39,10.0,-96.571111,96,34,16.0,1605.5,1846,57.22,34.5,8.85,3.2,364.0,176.0,3.95,8.7,Silty clay,2,42.5,5,2.0,1,1025.383667
22,22,3321102,3321102,32.743334,32,44,36.0,-96.466112,96,27,58.0,2533.5,2051,56.935,100.5,17.5,14.0,450.5,545.5,2.9,8.2,Silty clay,2,55.0,1,1.5,1,1042.902832
23,23,3321801,3321801,32.627222,32,37,38.0,-96.453056,96,27,11.0,2953.333333,2340,112.09,20.0,6.0,1.366666667,373.0,809.6666667,4.35,8.1,Silty clay,2,55.0,1,1.5,1,1030.044434
24,24,3321802,3321802,32.6275,32,37,39.0,-96.455278,96,27,19.0,3424.0,2400,89.555,42.0,8.0,5.5,305.0,1137.5,2.95,8.2,Silty clay,2,55.0,1,1.5,1,1030.044434
25,25,1811805,1811805,33.752778,33,45,10.0,-96.681111,96,40,52.0,343.5,496,22.845,4.0,1.3,0.285,31.0,10.5,0.9,8.45,Clay,1,70.0,1,1.0,0,1072.037476
26,26,1822701,1822701,33.628889,33,37,44.0,-96.366389,96,21,59.0,416.3333333,383,38.27666667,2.666666667,0.833333333,0.24,44.6,18.0,0.9,8.25,Clay,1,70.0,1,1.0,0,1097.527832
27,27,1822703,1822703,33.6325,33,37,57.0,-96.366944,96,22,1.0,400.0,432,31.94,4.0,2.0,0.0,15.0,48.0,1.0,8.7,Clay,1,70.0,1,1.0,0,1097.527832
28,28,1830103,1830103,33.585,33,35,6.0,-96.358889,96,21,32.0,466.0,763,36.03,7.0,2.4,0.3,71.2,25.9,0.8,8.6,Clay,1,70.0,1,1.0,0,1095.830933
29,29,1830601,1830601,33.5783333,33,34,42.0,-96.2738889,96,16,26.0,1033.666667,437,57.075,9.5,2.9,1.2125,127.0,187.5,2.355,8.703333333,Clay,1,70.0,1,1.0,1,1116.758789
30,30,1833902,1833902,33.389445,33,23,22.0,-96.912501,96,54,45.0,406.0,180,19.03,11.0,3.0,1.0,66.0,34.0,0.4,7.7,Clay,1,70.0,1,1.0,0,1036.755981
31,31,1833903,1833903,33.389445,33,23,22.0,-96.912501,96,54,45.0,430.0,285,16.11,18.0,4.0,2.0,70.0,35.0,0.4,7.9,Clay,1,70.0,1,1.0,0,1036.755981
32,32,3223601,3223601,32.686667,32,41,12.0,-97.131667,97,7,54.0,862.0,135,1.635,538.5,189.0,16.5,233.5,122.5,0.8,7.7,Clay,1,55.0,0,1.0,0,970.1719971
33,33,3224203,3224203,32.727778,32,43,40.0,-97.083611,97,5,1.0,1080.0,100,1.64,631.0,230.0,14.0,470.0,62.0,1.6,7.0,Clay,1,55.0,0,1.0,0,980.637085
34,34,3224308,3224308,32.748889,32,44,56.0,-97.005556,97,0,20.0,584.0,345,21.54,22.0,4.0,3.0,59.0,21.0,1.3,8.6,Clay,1,55.0,0,1.0,0,987.6411743
35,35,3224310,3224310,32.7425,32,44,33.0,-97.021389,97,1,17.0,834.0,283,21.52,40.0,8.0,5.0,144.0,89.0,2.6,8.4,Clay,1,55.0,0,1.0,1,985.7893677
36,36,3224312,3224312,32.748611,32,44,55.0,-97.005556,97,0,20.0,607.0,372,36.56,11.66666667,2.4,1.433333333,70.66666667,19.66666667,1.333333333,8.7,Clay,1,55.0,0,1.0,0,987.6411743
37,37,3224313,3224313,32.748611,32,44,55.0,-97.005556,97,0,20.0,579.0,419,45.37,6.0,2.0,0.3,65.0,16.0,1.2,8.6,Clay,1,55.0,0,1.0,0,987.6411743
38,38,3231601,3231601,32.563056,32,33,47.0,-97.141667,97,8,30.0,591.5,200,21.935,43.0,12.0,3.3,108.0,28.5,0.75,8.65,Clay,1,55.0,0,1.0,0,967.0031738
39,39,3303201,3303201,32.971667,32,58,18.0,-96.702223,96,42,8.0,1975.5,1277,80.945,16.5,5.0,1.0,435.5,360.0,4.4,8.1,Clay,1,55.0,0,1.0,1,1027.38562
40,40,3303404,3303404,32.935,32,56,6.0,-96.725,96,43,30.0,1743.6,1254,70.282,17.0,5.0,1.2,413.2,282.8,3.68,8.08,Clay,1,55.0,0,1.0,1,1022.112061
41,41,3311802,3311802,32.788611,32,47,19.0,-96.681389,96,40,53.0,1355.5,1330,61.8,53.0,20.5,0.55,423.0,115.0,2.45,7.85,Clay,1,55.0,0,1.0,1,1018.994446
42,42,3312703,3312703,32.767778,32,46,4.0,-96.607223,96,36,26.0,1739.25,1475,59.32333333,38.66666667,13.4,1.433333333,320.5,454.25,3.666666667,8.5,Clay,1,55.0,0,1.0,1,1023.602295
43,43,3317103,3317103,32.738611,32,44,19.0,-96.960556,96,57,38.0,982.0,417,51.02333333,11.33333333,2.7,1.2,285.6666667,62.0,1.866666667,8.2,Clay,1,55.0,0,1.0,0,990.2215576
44,44,3317105,3317105,32.745,32,44,42.0,-96.960278,96,57,37.0,733.0,485,58.5,4.0,1.8,0.0,157.0,24.0,1.6,8.5,Clay,1,55.0,0,1.0,0,990.2215576
45,45,3317106,3317106,32.745,32,44,42.0,-96.960278,96,57,37.0,896.6666667,417,59.21666667,7.0,1.733333333,0.666666667,245.0,45.0,1.8,8.366666667,Clay,1,55.0,0,1.0,0,990.2215576
46,46,3317107,3317107,32.746667,32,44,48.0,-96.995834,96,59,45.0,701.0,460,40.65,9.0,2.0,1.0,116.0,28.0,1.6,8.1,Clay,1,55.0,0,1.0,0,987.6411743
47,47,3317118,3317118,32.748056,32,44,53.0,-96.994167,96,59,39.0,579.5,430,23.485,29.0,8.05,2.25,68.0,21.5,1.3,8.3,Clay,1,55.0,0,1.0,0,987.6411743
48,48,3317119,3317119,32.748056,32,44,53.0,-96.994167,96,59,39.0,723.5,412,20.58,33.5,9.5,2.5,114.5,50.0,2.25,8.5,Clay,1,55.0,0,1.0,1,987.6411743
49,49,3317204,3317204,32.741945,32,44,31.0,-96.953612,96,57,13.0,718.0,502,40.37,5.0,1.8,0.36,137.0,25.0,2.0,8.0,Clay,1,55.0,0,1.0,1,990.2215576
50,50,3224603,3224603,32.691111,32,41,28.0,-97.027222,97,1,38.0,788.0,319,43.83,9.0,2.0,1.0,142.0,26.0,2.7,8.7,Clay,1,50.0,0,1.0,1,985.8739014
51,51,3232804,3232804,32.514723,32,30,53.0,-97.062778,97,3,46.0,703.0,357,41.17,7.0,2.2,0.6,181.0,18.0,0.8,8.7,Clay,1,50.0,6,1.0,0,971.8432617
52,52,3239309,3239309,32.4725,32,28,21.0,-97.135,97,8,6.0,514.0,296,8.76,67.0,17.0,6.0,157.0,23.0,0.5,8.2,Clay,1,50.0,1,1.0,0,957.3618774
53,53,3248702,3248702,32.273055,32,16,23.0,-97.118611,97,7,7.0,648.0,265,58.91,3.0,1.5,0.0,70.0,20.0,1.1,8.3,Clay,1,50.0,1,1.0,0,983.0441895
54,54,3264704,3264704,32.0325,32,1,57.0,-97.115556,97,6,56.0,654.0,315,39.81,7.0,1.8,0.84,101.0,20.0,0.8,8.3,Clay,1,50.0,6,1.0,0,983.3172607
55,55,3343602,3343602,32.316389,32,18,59.0,-96.638334,96,38,18.0,2040.75,1806,72.2925,25.75,6.75,2.25,483.0,268.25,5.175,8.2,Clay,1,50.0,6,1.0,1,1017.803894
56,56,1725401,1725401,33.565001,33,33,54.0,-95.998334,95,59,54.0,994.0,1691,64.298,7.8,1.96,0.8,271.6,89.0,1.4,8.16,Silty clay,2,47.5,2,1.0,0,1144.984863
57,57,1832501,1832501,33.573611,33,34,25.0,-96.068055,96,4,5.0,957.6,1660,73.932,4.4,1.3,0.41,257.6,84.6,1.14,8.32,Silty clay,2,47.5,2,1.0,0,1140.228882
58,58,1832503,1832503,33.574722,33,34,29.0,-96.076667,96,4,36.0,909.3333333,1630,85.74333333,3.0,0.99,0.13,265.5,57.45,1.293333333,8.166666667,Silty clay,2,47.5,2,1.0,0,1140.228882
59,59,1838401,1838401,33.429722,33,25,47.0,-96.337778,96,20,16.0,802.2,1472,42.89666667,10.83333333,2.183333333,1.4,210.1666667,49.33333333,1.083333333,8.333333333,Silty clay,2,47.5,2,1.0,0,1091.874756
60,60,1838402,1838402,33.435,33,26,6.0,-96.341667,96,20,30.0,798.25,1606,52.985,7.5,2.4,0.9,199.9,53.33333333,1.38,8.5625,Silty clay,2,47.5,2,1.0,0,1091.874756
61,61,1839501,1839501,33.4358333,33,26,9.0,-96.1686111,96,10,7.0,916.375,1595,63.48125,6.75,2.2,0.636666667,195.0,71.5,1.43,8.46,Silty clay,2,47.5,2,1.0,0,1122.234863
62,62,1839601,1839601,33.458056,33,27,29.0,-96.165001,96,9,54.0,871.75,1693,56.4075,6.0,1.533333333,0.766666667,263.1333333,59.66666667,1.37,8.52,Silty clay,2,47.5,2,1.0,0,1121.77124
63,63,3224604,3224604,32.668611,32,40,7.0,-97.016667,97,1,0.0,575.0,391,18.26,24.0,8.0,1.0,146.0,31.0,0.7,8.4,Clay,1,46.0,3,1.0,0,998.9985962
64,64,3309801,3309801,32.776111,32,46,34.0,-96.932222,96,55,56.0,1269.0,475,48.49,14.0,4.8,0.61,457.0,76.0,2.2,8.1,Clay loam,6,44.0,0,1.0,1,992.7084961
65,65,4008301,4008301,31.968055,31,58,5.0,-97.005556,97,0,20.0,2052.5,726,62.495,34.66666667,7.04,4.82,614.8,317.8,3.428333333,8.263333333,Silty clay,2,42.5,0,1.0,1,983.7917481
66,66,1817401,1817401,33.6877778,33,41,16.0,-96.9786111,96,58,43.0,381.4,235,22.42,9.4,2.8,0.745,29.0,29.5,0.396,8.33,Sandy clay,3,42.5,0,1.0,0,1030.228394
67,67,1825402,1825402,33.545278,33,32,43.0,-96.976667,96,58,36.0,180.0,190,1.856666667,69.33333333,20.5,5.0,13.5,29.0,0.143333333,7.336666667,Sandy clay,3,42.5,0,1.0,0,1028.137329
68,68,1833804,1833804,33.376944,33,22,37.0,-96.933889,96,56,2.0,262.0,400,2.995,89.5,29.0,7.0,55.0,40.0,0.395,8.3,Sandy clay,3,42.5,0,1.0,0,1036.755981
69,69,1833809,1833809,33.376944,33,22,37.0,-96.938889,96,56,20.0,296.0,280,7.7,30.0,9.0,2.0,52.0,20.0,0.3,8.5,Sandy clay,3,42.5,0,1.0,0,1053.282471
70,70,1964306,1964306,33.1061111,33,6,22.0,-97.0038889,97,0,14.0,749.2858889,308,50.06911111,15.58588889,1.4,0.94,131.5,54.0,2.4,8.3925,Sandy clay,3,42.5,0,1.0,1,975.4761963
71,71,1964310,1964310,33.095834,33,5,45.0,-97.031667,97,1,54.0,426.5,144,1.99,214.0,62.0,14.5,160.0,37.0,0.5,7.0,Sandy clay,3,42.5,0,1.0,0,966.4058838
72,72,1964703,1964703,33.000834,33,0,3.0,-97.100278,97,6,1.0,500.0,150,8.05,72.0,21.0,5.0,147.0,53.0,0.7,8.1,Sandy clay,3,42.5,0,1.0,0,968.21698
73,73,1964907,1964907,33.023055,33,1,23.0,-97.031944,97,1,55.0,701.0,290,49.07,4.0,1.0,0.4,55.0,17.0,4.1,8.8,Sandy clay,3,42.5,0,1.0,1,966.4606934
74,74,1964909,1964909,33.023889,33,1,26.0,-97.032778,97,1,58.0,634.0,280,37.63,7.0,2.2,0.5,45.0,15.0,3.1,8.7,Sandy clay,3,42.5,0,1.0,1,966.4606934
75,75,1839702,1839702,33.3991667,33,23,57.0,-96.245,96,14,42.0,1001.5,1720,46.6775,14.25,4.2,1.0,294.575,70.225,1.525,8.3,Clay,1,42.5,0,1.0,0,1101.877808
76,76,1841201,1841201,33.3630556,33,21,47.0,-96.9280556,96,55,41.0,275.5,210,3.725,77.5,23.0,5.0,40.0,26.0,0.4,8.3,Clay,1,42.5,0,1.0,0,1036.755981
77,77,1964206,1964206,33.101112,33,6,4.0,-97.069722,97,4,11.0,340.0,183,2.175,168.0,44.5,14.0,43.5,94.5,0.3,7.55,Clay,1,42.5,0,1.0,0,965.5426636
78,78,1964302,1964302,33.110556,33,6,38.0,-97.0175,97,1,3.0,729.0,235,34.58,13.0,2.2,2.0,90.0,34.0,3.4,8.5,Clay,1,42.5,0,1.0,1,975.4761963
79,79,1964104,1964104,33.109723,33,6,35.0,-97.0925,97,5,33.0,349.0,150,10.65,28.0,10.0,0.85,17.0,38.0,0.6,8.2,Sandy clay loam,9,40.0,0,1.0,0,972.4920654
80,80,1964701,1964701,33.018889,33,1,8.0,-97.088889,97,5,20.0,862.0,62,2.27,459.0,148.0,22.0,243.0,199.0,0.6,7.4,Sandy clay loam,9,40.0,0,1.0,0,968.21698
81,81,1964702,1964702,33.005556,33,0,20.0,-97.097778,97,5,52.0,463.0,134,10.5,43.0,11.0,4.0,108.0,60.0,0.3,7.5,Sandy clay loam,9,40.0,0,1.0,0,968.21698
82,82,1964901,1964901,33.033889,33,2,2.0,-97.040556,97,2,26.0,486.0,260,29.12,5.333333333,1.533333333,0.456666667,70.66666667,32.33333333,1.4,8.433333333,Sandy clay loam,9,40.0,0,1.0,0,966.4606934
83,83,1964908,1964908,33.023889,33,1,26.0,-97.031944,97,1,55.0,628.0,301,36.76,6.0,1.6,0.5,42.0,14.0,3.4,8.8,Sandy clay loam,9,40.0,0,1.0,1,966.4606934
84,84,1964915,1964915,33.019722,33,1,11.0,-97.0175,97,1,3.0,1487.0,310,72.8,12.0,3.2,1.0,371.0,209.0,2.6,8.7,Sandy clay loam,9,40.0,0,1.0,1,977.064148
85,85,1818302,1818302,33.7425,33,44,33.0,-96.751389,96,45,5.0,449.6666667,165,29.97,7.0,1.333333333,1.0,26.66666667,11.33333333,0.733333333,9.3,Silty clay loam,7,31.0,1,1.0,0,1053.192871
86,86,1818901,1818901,33.6275,33,37,39.0,-96.770833,96,46,15.0,561.0,390,44.29,5.75,1.4,0.615,110.5,13.5,1.0,8.4,Silty clay loam,7,31.0,1,1.0,0,1057.177856
87,87,1818902,1818902,33.630555,33,37,50.0,-96.766112,96,45,58.0,714.0,410,62.42,4.0,1.0,0.4,50.0,20.0,1.2,8.6,Silty clay loam,7,31.0,1,1.0,0,1057.177856
88,88,1818903,1818903,33.629444,33,37,46.0,-96.769444,96,46,10.0,658.0,420,46.96,9.5,5.0,1.0,42.0,6.0,0.83,8.98,Silty clay loam,7,31.0,1,1.0,0,1057.177856
89,89,1826101,1826101,33.621667,33,37,18.0,-96.864167,96,51,51.0,292.0,446,4.25,68.0,16.0,7.0,48.0,20.0,0.3,7.8,Silty clay loam,7,31.0,1,1.0,0,1037.194824
90,90,1828103,1828103,33.583889,33,35,2.0,-96.605001,96,36,18.0,413.5,1023,30.06333333,6.333333333,1.333333333,0.883333333,56.83333333,15.16666667,0.84,8.35,Silty clay loam,7,31.0,1,1.0,0,1066.204102
91,91,1828402,1828402,33.572778,33,34,22.0,-96.612501,96,36,45.0,464.6666667,1050,29.69333333,7.333333333,2.0,0.666666667,75.33333333,18.66666667,0.9,8.6,Silty clay loam,7,31.0,1,1.0,0,1066.204102
92,92,1834101,1834101,33.458612,33,27,31.0,-96.848056,96,50,53.0,288.0,400,12.13,14.0,4.8,0.6,38.0,14.0,0.5,7.7,Silty clay loam,7,31.0,1,1.0,0,1032.571289
93,93,1834601,1834601,33.436945,33,26,13.0,-96.778055,96,46,41.0,3011.0,387,64.43,48.66666667,10.33333333,5.666666667,1400.0,282.6666667,2.433333333,8.133333333,Silty clay loam,7,31.0,1,1.0,1,1032.337158
94,94,3216109,3216109,32.845278,32,50,43.0,-97.088056,97,5,17.0,439.0,27,1.88,232.0,77.0,9.9,55.0,67.0,1.0,6.7,Clay loam,6,31.0,1,1.0,0,973.1130981
95,95,3216110,3216110,32.845278,32,50,43.0,-97.088056,97,5,17.0,417.0,43,0.72,285.0,88.0,16.0,65.0,120.0,0.7,6.7,Clay loam,6,31.0,1,1.0,0,973.1130981
96,96,3216205,3216205,32.845278,32,50,43.0,-97.082778,97,4,58.0,453.0,38,0.77,323.0,100.0,18.0,74.0,37.0,0.6,7.0,Clay loam,6,31.0,1,1.0,0,973.1130981
97,97,3301603,3301603,32.923611,32,55,25.0,-96.896389,96,53,47.0,1160.0,558,24.145,104.5,30.5,7.0,302.5,211.0,1.55,8.8,Clay loam,6,31.0,1,1.0,0,995.6931763
98,98,3309512,3309512,32.809723,32,48,35.0,-96.931389,96,55,53.0,1546.0,505,63.73,14.0,4.0,1.0,550.0,133.0,3.4,8.4,Clay loam,6,31.0,1,1.0,1,992.7084961
99,99,3319502,3319502,32.703889,32,42,14.0,-96.682778,96,40,58.0,1540.0,1280,21.42,118.0,16.0,19.0,399.0,188.0,2.4,8.3,Clay loam,6,31.0,1,1.0,1,1017.050049
100,100,3336206,3336206,32.4663889,32,27,59.0,-96.565,96,33,54.0,1862.0,2020,83.94,13.0,4.0,0.9,432.0,242.2,4.5,8.1,Clay loam,6,31.0,1,1.0,1,1024.340576
101,101,1820101,1820101,33.708612,33,42,31.0,-96.622222,96,37,20.0,331.0,630,8.19,37.0,10.0,3.0,36.0,30.0,0.5,8.1,Clay loam,6,30.0,1,1.0,0,1081.463989
102,102,1825301,1825301,33.5877778,33,35,16.0,-96.9091667,96,54,33.0,201.0,280,1.31,113.0,19.0,16.0,13.0,25.0,0.3,7.8,Clay loam,6,30.0,1,1.0,0,1031.789917
103,103,1829301,1829301,33.6102778,33,36,37.0,-96.4086111,96,24,31.0,533.0833333,709,43.92916667,4.916666667,1.033333333,0.635555556,60.11111111,20.77777778,1.156666667,8.338333333,Clay loam,6,30.0,1,1.0,0,1088.122192
104,104,1833302,1833302,33.466944,33,28,1.0,-96.913612,96,54,49.0,213.0,215,2.513333333,78.33333333,18.33333333,8.0,28.33333333,20.66666667,0.3,7.166666667,Clay loam,6,30.0,1,1.0,0,1033.104614
105,105,1835401,1835401,33.4488889,33,26,56.0,-96.7475,96,44,51.0,988.25,734,26.3375,29.25,7.25,2.865,353.75,45.25,1.05,8.025,Clay loam,6,30.0,1,1.0,0,1037.841431
106,106,1835405,1835405,33.4488889,33,26,56.0,-96.7475,96,44,51.0,758.0,1000,44.4,9.0,2.0,1.0,53.0,13.0,1.6,8.4,Clay loam,6,30.0,1,1.0,0,1037.841431
107,107,3248501,3248501,32.2994444,32,17,58.0,-97.0727778,97,4,22.0,772.3333333,367,49.32666667,7.666666667,1.433333333,1.08,147.0,28.33333333,1.366666667,8.566666667,Clay loam,6,30.0,1,1.0,0,984.9353027
108,108,3216208,3216208,32.862223,32,51,44.0,-97.0675,97,4,3.0,896.0,25,1.2,538.0,130.0,52.0,340.0,150.0,0.3,6.3,Sandy clay loam,9,28.5,0,1.0,0,970.2547607
109,109,3216209,3216209,32.862223,32,51,44.0,-97.0675,97,4,3.0,662.0,34,1.45,372.0,96.0,32.0,230.0,100.0,0.4,5.8,Sandy clay loam,9,28.5,0,1.0,0,970.2547607
110,110,1841202,1841202,33.371111,33,22,16.0,-96.926667,96,55,36.0,668.0,20,3.95,261.0,85.0,12.0,79.0,134.0,0.9,7.5,Sandy clay loam,9,27.5,0,1.0,0,1036.755981
111,111,3216907,3216907,32.774167,32,46,27.0,-97.025,97,1,30.0,1401.0,190,8.04,360.0,105.0,24.0,540.0,65.0,1.5,7.7,Sandy clay loam,9,27.5,0,1.0,0,981.781189
112,112,3216908,3216908,32.773889,32,46,26.0,-97.023333,97,1,24.0,839.0,191,45.99,7.0,2.0,0.5,216.0,32.0,2.2,8.9,Sandy clay loam,9,27.5,0,1.0,1,981.781189
113,113,1822801,1822801,33.6375,33,38,15.0,-96.3019444,96,18,7.0,868.0,179,20.995,49.5,13.5,4.0,308.5,18.0,0.85,8.15,Clay loam,6,27.5,0,1.0,0,1122.841431
114,114,1831301,1831301,33.620278,33,37,13.0,-96.1675,96,10,3.0,888.2,1237,65.327,5.9,2.0,1.0925,218.0,80.5,1.492,8.396,Clay loam,6,27.5,0,1.0,0,1146.869507
115,115,3216111,3216111,32.863334,32,51,48.0,-97.088056,97,5,17.0,289.0,129,4.24,59.0,15.0,5.3,42.0,39.0,0.2,7.0,Clay loam,6,26.5,0,1.0,0,970.2547607
116,116,1819307,1819307,33.7111111,33,42,40.0,-96.6575,96,39,27.0,224.0,801,47.62,0.0,0.1,0.1,15.0,11.0,0.5,7.8,Loam,4,26.0,0,1.0,0,1081.893555
117,117,1820501,1820501,33.698611,33,41,55.0,-96.5425,96,32,33.0,1813.0,380,70.6725,17.75,4.75,1.5,485.0,108.0,3.35,8.525,Loam,4,26.0,0,1.0,1,1067.277832
118,118,1964103,1964103,33.116389,33,6,59.0,-97.107778,97,6,28.0,141.0,60,0.76,73.0,23.0,4.0,28.0,12.0,0.3,6.8,Fine sandy loam,8,25.5,0,1.0,0,970.4638672
119,119,1825609,1825609,33.5808333,33,34,51.0,-96.905,96,54,18.0,216.0,310,0.78,135.0,33.0,13.0,53.0,19.0,0.4,8.1,Fine sandy loam,8,25.0,0,1.0,0,1031.789917
120,120,1825610,1825610,33.548056,33,32,53.0,-96.891389,96,53,29.0,270.0,300,1.44,146.0,49.0,6.0,17.0,74.0,0.2,7.5,Fine sandy loam,8,25.0,0,1.0,0,1033.588135
121,121,1825611,1825611,33.571944,33,34,19.0,-96.897222,96,53,50.0,201.0,321,1.26,106.0,28.0,9.0,34.0,23.0,0.2,7.6,Fine sandy loam,8,25.0,0,1.0,0,1031.789917
122,122,1833501,1833501,33.436389,33,26,11.0,-96.923889,96,55,26.0,269.0,279,4.79,51.0,14.0,4.0,61.0,23.0,0.3,7.9,Fine sandy loam,8,25.0,0,1.0,0,1037.203247
123,123,3215801,3215801,32.766112,32,45,58.0,-97.190278,97,11,25.0,199.0,48,1.52,84.0,22.0,7.0,52.0,31.0,0.2,6.3,Fine sandy loam,8,25.0,0,1.0,0,963.6500855
124,124,1830602,1830602,33.577778,33,34,40.0,-96.268611,96,16,7.0,930.0,461,43.95666667,22.33333333,4.6,2.8,72.66666667,54.0,2.166666667,8.666666667,Silt loam,5,22.5,1,1.0,1,1128.378052
125,125,1831201,1831201,33.586945,33,35,13.0,-96.171111,96,10,16.0,838.0,1282,52.192,7.4,1.42,1.06,201.2,69.2,1.525,8.354,Silt loam,5,22.5,1,1.0,0,1141.292847
126,126,1838302,1838302,33.4844444,33,29,4.0,-96.2541667,96,15,15.0,739.0,1297,50.2025,6.25,2.0,0.455,189.0,44.0,1.325,8.275,Silt loam,5,22.5,1,1.0,0,1110.584717
127,127,1810802,1810802,33.783611,33,47,1.0,-96.822222,96,49,20.0,267.0,345,2.28,110.0,26.0,11.0,43.0,22.0,0.4,6.9,Loam,4,18.0,2,1.0,0,1028.61499
128,128,1819303,1819303,33.7147222,33,42,53.0,-96.6580556,96,39,29.0,384.0,620,38.28,5.0,1.7,0.2,104.0,18.0,0.6,8.4,Loam,4,18.0,2,1.0,0,1081.893555
129,129,1825302,1825302,33.584167,33,35,3.0,-96.893611,96,53,37.0,212.0,320,1.31,113.0,29.0,10.0,40.0,23.0,0.3,8.4,Loam,4,18.0,2,1.0,0,1035.975586
130,130,1825607,1825607,33.560001,33,33,36.0,-96.878611,96,52,43.0,312.0,330,1.2,179.5,54.0,11.0,93.5,26.0,0.35,7.9,Loam,4,18.0,2,1.0,0,1033.588135
131,131,1825608,1825608,33.559167,33,33,33.0,-96.889722,96,53,23.0,206.0,309,1.35,112.0,32.0,8.0,17.0,21.0,0.3,7.4,Loam,4,18.0,2,1.0,0,1033.588135
132,132,1833602,1833602,33.441111,33,26,28.0,-96.916667,96,55,0.0,427.0,220,3.52,137.0,37.0,11.0,129.0,36.0,0.3,8.7,Loam,4,18.0,2,1.0,0,1033.104614
133,133,3319301,3319301,32.731389,32,43,53.0,-96.630555,96,37,50.0,546.0,1600,22.72,15.0,3.0,2.0,109.0,78.0,1.9,7.9,Fine sandy loam,8,17.5,2,1.0,0,1023.602295
134,134,3336201,3336201,32.4619444,32,27,43.0,-96.5697222,96,34,11.0,1844.947368,1982,75.63736842,17.15789474,4.935294118,1.367647059,420.7235294,240.2647059,4.799444444,8.269444444,Fine sandy loam,8,17.5,2,1.0,1,1024.340576
135,135,1809901,1809901,33.780555,33,46,50.0,-96.891111,96,53,28.0,173.0,180,1.13,93.0,23.0,8.7,27.0,18.0,0.2,6.5,Loam,4,16.0,0,1.0,0,1025.136231
136,136,1819301,1819301,33.7105556,33,42,38.0,-96.6577778,96,39,28.0,443.3333333,788,33.22333333,6.0,1.933333333,0.476666667,135.0,12.33333333,0.6,8.033333333,Loam,4,16.0,0,1.0,0,1081.893555
137,137,1819304,1819304,33.7094444,33,42,34.0,-96.6575,96,39,27.0,327.0,688,20.64,6.0,1.0,1.0,69.0,21.0,0.7,8.2,Loam,4,16.0,0,1.0,0,1081.893555
138,138,1815902,1815902,33.7781111,33,46,41.2,-96.1398611,96,8,23.5,1817.6,489,74.098,18.4,4.12,2.05,268.8,239.6,4.18,8.36,Silt loam,5,14.0,0,1.0,1,1136.170898
139,139,1823302,1823302,33.732222,33,43,56.0,-96.144722,96,8,41.0,804.5,1046,44.965,9.0,2.4,0.715,76.65,144.0,2.3,8.866666667,Silt loam,5,14.0,0,1.0,1,1138.367798
140,140,1823603,1823603,33.698889,33,41,56.0,-96.147222,96,8,50.0,869.5,1097,66.44,4.245,1.6,0.4,181.0,76.5,2.5,8.5,Silt loam,5,14.0,0,1.0,1,1143.134522
141,141,1823805,1823805,33.652223,33,39,8.0,-96.178889,96,10,44.0,905.0,1136,58.795,4.0,1.0,0.56,205.0,79.0,1.4,8.65,Silt loam,5,14.0,0,1.0,0,1147.445923
142,142,1717602,1717602,33.694167,33,41,39.0,-95.914445,95,54,52.0,951.3333333,1208,51.17,7.333333333,2.466666667,0.433333333,211.0,100.0,1.6,8.4,Loam,4,14.0,3,1.0,0,1150.38562
143,143,1822802,1822802,33.655834,33,39,21.0,-96.318055,96,19,5.0,4143.75,70,2.8525,2606.5,640.0,245.5,2240.0,393.75,1.425,7.375,Loam,4,14.0,3,1.0,0,1110.310425
144,144,1823701,1823701,33.640834,33,38,27.0,-96.211667,96,12,42.0,816.5,1047,61.3175,5.5,1.466666667,0.666666667,222.7333333,59.63333333,1.145,8.46,Loam,4,14.0,3,1.0,0,1144.183716
145,145,1832201,1832201,33.610001,33,36,36.0,-96.056667,96,3,24.0,871.0,1454,51.105,7.5,1.5,1.0,258.0,62.0,1.4,8.15,Loam,4,14.0,3,1.0,0,1143.156372
146,146,1811804,1811804,33.775278,33,46,31.0,-96.6825,96,40,57.0,290.5,281,3.62,100.5,31.5,5.5,14.0,10.5,0.4,7.75,Fine sandy loam,8,14.0,0,1.0,0,1052.316528
147,147,1825901,1825901,33.530278,33,31,49.0,-96.905278,96,54,19.0,190.0,352,1.37,91.0,25.0,7.0,30.0,21.0,0.2,8.2,Fine sandy loam,8,14.0,0,1.0,0,1030.213501
148,148,3208504,3208504,32.955556,32,57,20.0,-97.075278,97,4,31.0,275.0,187,3.18,94.0,23.0,9.0,33.0,42.0,0.3,7.5,Fine sandy loam,8,14.0,0,1.0,0,971.3204956
149,149,3208505,3208505,32.955278,32,57,19.0,-97.08,97,4,48.0,288.0,197,1.9,158.5,39.0,15.0,49.0,60.5,0.3,6.95,Fine sandy loam,8,14.0,0,1.0,0,971.3204956
150,150,3223906,3223906,32.626111,32,37,34.0,-97.148889,97,8,56.0,397.0,160,1.3,245.0,72.0,16.0,92.0,46.0,0.4,8.1,Fine sandy loam,8,14.0,0,1.0,0,962.0147705
151,151,1811801,1811801,33.7636111,33,45,49.0,-96.6697222,96,40,11.0,395.2,375,4.232,123.6,35.75,7.75,17.25,6.5,0.248,7.896,Loam,4,13.0,3,1.0,0,1072.037476
152,152,1811802,1811802,33.759723,33,45,35.0,-96.668611,96,40,7.0,268.0,443,6.6,44.16666667,11.83333333,3.683333333,28.5,13.66666667,0.416666667,7.833333333,Loam,4,13.0,3,1.0,0,1072.037476
153,153,1811803,1811803,33.758612,33,45,31.0,-96.67,96,40,12.0,376.8333333,458,17.81833333,15.83333333,6.55,0.775,27.75,11.5,0.416666667,8.56,Loam,4,13.0,3,1.0,0,1072.037476
154,154,1820707,1820707,33.646111,33,38,46.0,-96.620833,96,37,15.0,480.1111111,786,29.74444444,12.22222222,2.844444444,1.383333333,68.22222222,52.22222222,0.7,8.5875,Loam,4,13.0,3,1.0,0,1083.800415
155,155,1820710,1820710,33.648334,33,38,54.0,-96.624444,96,37,28.0,300.0,789,18.80666667,12.11111111,2.611111111,1.455555556,29.44444444,17.5,0.644444444,8.0,Loam,4,13.0,3,1.0,0,1083.800415
156,156,1847601,1847601,33.295834,33,17,45.0,-96.146667,96,8,48.0,1136.666667,2318,62.32,10.33333333,2.333333333,1.166666667,190.3333333,151.6666667,3.133333333,8.633333333,Loam,4,12.5,3,1.0,1,1116.920776
157,157,1964315,1964315,33.094445,33,5,40.0,-97.011389,97,0,41.0,1161.0,212,34.47,51.33333333,11.66666667,5.5,264.0,162.6666667,2.316666667,8.266666667,Fine sandy loam,8,12.5,3,1.0,1,969.925354
158,158,1932802,1932802,33.541389,33,32,29.0,-97.068611,97,4,7.0,1530.0,60,2.59,904.0,224.0,84.0,426.0,457.0,0.7,6.7,Fine sandy loam,8,11.0,0,1.0,0,1020.050354
159,159,1940301,1940301,33.486389,33,29,11.0,-97.004167,97,0,15.0,417.75,105,14.7475,22.25,9.0,2.0,64.0,39.0,0.23,7.8225,Fine sandy loam,8,11.0,0,1.0,0,1026.701172
160,160,3207501,3207501,32.933889,32,56,2.0,-97.204723,97,12,17.0,707.0,17,1.93,411.0,130.0,21.0,179.0,85.0,0.8,7.5,Loam,4,9.5,1,1.0,0,953.6546631
161,161,3207806,3207806,32.908612,32,54,31.0,-97.203612,97,12,13.0,537.0,700,51.9,3.0,0.9,0.3,90.0,9.5,0.67,8.845,Loam,4,9.5,1,1.0,0,953.6546631
162,162,3207907,3207907,32.895834,32,53,45.0,-97.144167,97,8,39.0,311.5,87,2.715,122.5,35.0,7.0,25.0,67.0,0.9,7.3,Loam,4,9.5,1,1.0,0,965.1255493
163,163,3207911,3207911,32.891667,32,53,30.0,-97.130278,97,7,49.0,409.0,185,2.28,179.0,52.0,12.0,76.0,132.0,0.2,6.5,Loam,4,9.5,1,1.0,0,964.0881958
164,164,3208108,3208108,32.981944,32,58,55.0,-97.122222,97,7,20.0,368.0,70,9.88,34.0,9.0,3.0,48.0,35.0,0.4,7.6,Loam,4,9.5,1,1.0,0,964.3016968
165,165,3215310,3215310,32.853612,32,51,13.0,-97.155001,97,9,18.0,944.0,28,5.88,277.0,75.0,19.0,230.0,120.0,0.3,6.75,Loam,4,9.5,1,1.0,0,960.1945801
166,166,3215311,3215311,32.853612,32,51,13.0,-97.155001,97,9,18.0,1104.0,47,4.88,385.0,100.0,33.0,360.0,190.0,0.4,6.7,Loam,4,9.5,1,1.0,0,960.1945801
167,167,3215312,3215312,32.853612,32,51,13.0,-97.155001,97,9,18.0,1252.0,58,5.45,431.0,120.0,32.0,420.0,190.0,0.5,6.8,Loam,4,9.5,1,1.0,0,960.1945801
168,168,3215608,3215608,32.831111,32,49,52.0,-97.128055,97,7,41.0,378.0,26,1.04,212.0,54.0,19.0,81.0,110.0,0.3,6.0,Loam,4,9.5,1,1.0,0,967.4035645
169,169,3215609,3215609,32.831111,32,49,52.0,-97.128055,97,7,41.0,253.0,42,0.96,127.0,35.0,9.7,19.0,56.0,0.2,5.8,Loam,4,9.5,1,1.0,0,967.4035645
170,170,3223310,3223310,32.713889,32,42,50.0,-97.143611,97,8,37.0,157.0,160,0.89,86.0,28.0,4.0,30.0,16.0,0.4,7.2,Loam,4,9.5,1,1.0,0,976.7788696
171,171,3224117,3224117,32.709167,32,42,33.0,-97.112501,97,6,45.0,497.6666667,225,6.386666667,94.33333333,26.0,9.3,120.0,46.0,0.35,7.623333333,Loam,4,9.5,1,1.0,0,976.7788696
172,172,3231203,3231203,32.608056,32,36,29.0,-97.18,97,10,48.0,408.0,50,1.44,246.0,84.0,9.0,34.0,82.0,0.3,8.3,Loam,4,9.5,1,1.0,0,962.0147705
173,173,3231310,3231310,32.618611,32,37,7.0,-97.156945,97,9,25.0,247.0,210,4.75,49.0,15.0,3.0,16.0,18.0,0.7,8.0,Loam,4,9.5,1,1.0,0,962.0147705
174,174,3231311,3231311,32.619167,32,37,9.0,-97.156112,97,9,22.0,351.0,70,0.83,249.0,87.0,8.0,10.0,72.0,0.3,7.1,Loam,4,9.5,1,1.0,0,962.0147705
175,175,3301502,3301502,32.916944,32,55,1.0,-96.927778,96,55,40.0,1711.0,550,63.73,19.0,6.0,1.0,470.0,218.0,4.4,7.8,Fine sandy loam,8,8.5,0,1.0,1,995.6931763
176,176,3309301,3309301,32.873055,32,52,23.0,-96.905278,96,54,19.0,1058.5,490,39.865,49.0,16.5,2.0,281.5,145.0,2.7,7.9,Fine sandy loam,8,8.5,0,1.0,1,997.4366455
177,177,3326602,3326602,32.573333,32,34,24.0,-96.773333,96,46,24.0,1477.0,1121,68.97,11.0,3.0,1.0,500.0,94.0,2.7,8.5,Silty clay,2,45.0,0,0.899999976,1,1014.128296
178,178,3231801,3231801,32.504445,32,30,16.0,-97.188334,97,11,18.0,596.0,217,4.54,190.0,50.0,16.0,152.0,90.0,0.5,6.8,Silty clay,2,50.0,7,0.800000012,0,955.9160767
179,179,3231802,3231802,32.504723,32,30,17.0,-97.189445,97,11,22.0,579.5,240,7.735,120.0,34.0,8.7,180.25,37.0,0.85,7.95,Silty clay,2,50.0,7,0.800000012,0,955.9160767
180,180,3231901,3231901,32.505556,32,30,20.0,-97.144445,97,8,40.0,455.0,220,6.13,90.0,24.0,7.4,104.0,20.0,0.6,7.8,Silty clay,2,50.0,7,0.800000012,0,962.4301758
181,181,3239107,3239107,32.482222,32,28,56.0,-97.209445,97,12,34.0,513.25,309,3.645,192.0,48.33333333,16.66666667,136.6666667,44.66666667,0.49,7.9425,Silty clay,2,50.0,7,0.800000012,0,955.9160767
182,182,3239205,3239205,32.498611,32,29,55.0,-97.180278,97,10,49.0,625.0,309,24.88,16.0,5.0,1.0,164.0,32.0,0.9,8.5,Silty clay,2,50.0,7,0.800000012,0,959.1779785
183,183,3239602,3239602,32.421389,32,25,17.0,-97.155278,97,9,19.0,583.0,250,5.01,162.5,36.5,17.5,184.0,21.0,0.4,7.8,Silty clay,2,50.0,7,0.800000012,0,961.739502
184,184,3239901,3239901,32.3855556,32,23,8.0,-97.1575,97,9,27.0,566.5,220,7.115,104.5,25.5,10.0,159.0,29.5,0.45,8.0,Silty clay,2,50.0,7,0.800000012,0,968.5531616
185,185,3240410,3240410,32.418055,32,25,5.0,-97.096111,97,5,46.0,638.0,395,23.3,19.0,6.0,1.0,198.0,18.0,0.4,8.4,Silty clay,2,50.0,7,0.800000012,0,960.692688
186,186,3247504,3247504,32.320833,32,19,15.0,-97.205834,97,12,21.0,374.0,187,4.27,101.0,26.0,8.8,62.0,25.0,0.7,7.2,Silty clay,2,50.0,7,0.800000012,0,980.6403809
187,187,3247601,3247601,32.321944,32,19,19.0,-97.155001,97,9,18.0,561.0,310,19.56,21.0,5.2,2.0,109.0,31.0,1.4,7.6,Silty clay,2,50.0,7,0.800000012,0,976.8965454
188,188,3247801,3247801,32.2688417,32,16,7.83,-97.1815667,97,10,53.64,940.75,210,4.3125,456.0,128.5,33.0,415.25,60.25,0.675,7.425,Silty clay,2,50.0,7,0.800000012,0,990.5268555
189,189,3247803,3247803,32.2708333,32,16,15.0,-97.1813889,97,10,53.0,698.0,214,3.69,264.0,63.0,26.0,249.0,57.0,0.6,7.2,Silty clay,2,50.0,7,0.800000012,0,990.5268555
190,190,3247804,3247804,32.272222,32,16,20.0,-97.167222,97,10,2.0,1233.0,237,46.82,17.0,4.4,1.6,415.0,71.0,3.0,7.4,Silty clay,2,50.0,7,0.800000012,1,983.0186768
191,191,3247805,3247805,32.2692639,32,16,9.35,-97.18165,97,10,53.94,1301.555556,273,2.728888889,768.2222222,88.4,25.52,294.4,55.4,0.448888889,7.23,Silty clay,2,50.0,7,0.800000012,0,990.5268555
192,192,3247806,3247806,32.27225,32,16,20.1,-97.1817694,97,10,54.37,585.0,224,6.505,156.0,14.0,6.0,120.0,36.0,0.5,8.0,Silty clay,2,50.0,7,0.800000012,0,983.0186768
193,193,3248101,3248101,32.371111,32,22,16.0,-97.112223,97,6,44.0,683.0,225,12.14,63.0,19.0,4.0,231.0,23.0,0.8,7.6,Silty clay,2,50.0,7,0.800000012,0,964.0863037
194,194,3319701,3319701,32.646945,32,38,49.0,-96.718055,96,43,5.0,1433.0,1130,61.8925,13.0,3.55,1.0625,493.5,113.75,2.125,8.225,Silty clay,2,47.5,0,0.800000012,1,1012.101196
195,195,3325201,3325201,32.589445,32,35,22.0,-96.956945,96,57,25.0,837.4615385,892,40.45307692,11.92307692,3.261538462,0.953846154,268.3846154,24.61538462,0.930769231,8.483333333,Silty clay,2,47.5,0,0.800000012,0,1013.154663
196,196,3325203,3325203,32.588334,32,35,18.0,-96.956667,96,57,24.0,834.5555556,895,42.82,10.66666667,2.986666667,1.04,249.5333333,33.46666667,0.937777778,8.604117647,Silty clay,2,47.5,0,0.800000012,0,1013.154663
197,197,1833904,1833904,33.383889,33,23,2.0,-96.904723,96,54,17.0,1133.0,204,37.66,22.0,4.0,3.0,384.0,23.0,2.0,8.3,Clay,1,50.0,1,0.600000024,1,1036.755981
198,198,1849805,1849805,33.158334,33,9,30.0,-96.925278,96,55,31.0,1064.0,150,57.67,9.0,2.0,1.0,265.0,97.0,0.9,8.5,Clay,1,50.0,1,0.600000024,0,991.3787842
199,199,1849807,1849807,33.1425,33,8,33.0,-96.944445,96,56,40.0,536.5,402,36.55,6.0,1.0,1.0,54.5,23.0,1.6,8.75,Silty clay,2,38.0,0,0.5,0,980.5760498
200,200,1956602,1956602,33.1830556,33,10,59.0,-97.0377778,97,2,16.0,373.0,60,0.77,274.0,90.0,12.0,36.5,17.4,0.295,7.265,Silty clay,2,38.0,0,0.5,0,984.37146
201,201,3325104,3325104,32.614167,32,36,51.0,-96.961667,96,57,42.0,703.0,801,59.38,4.0,1.133333333,0.39,176.0,18.66666667,0.766666667,8.6,Loam,4,30.0,0,0.5,0,1013.742676
202,202,3319501,3319501,32.668055,32,40,5.0,-96.703612,96,42,13.0,1460.0,1044,61.41,14.0,4.0,1.0,492.0,128.0,2.7,8.4,Sandy clay loam,9,26.0,0,0.5,1,1012.101196
203,203,1837604,1837604,33.4308333,33,25,51.0,-96.3769444,96,22,37.0,819.0,1748,29.3,21.0,7.2,0.8,186.2,73.0,1.2,8.0,Silty clay loam,7,45.0,0,0.0,0,1087.575073
204,204,3232902,3232902,32.520278,32,31,13.0,-97.03,97,1,48.0,839.0,530,54.08,6.0,1.8,0.4,292.0,19.0,0.7,7.6,Clay,1,45.0,0,0.0,0,988.4133911
205,205,3240305,3240305,32.481944,32,28,55.0,-97.026667,97,1,36.0,857.0,543,37.005,13.0,3.3,1.35,304.5,22.5,0.75,8.35,Clay,1,45.0,0,0.0,0,988.4133911
206,206,3240307,3240307,32.464167,32,27,51.0,-97.016944,97,1,1.0,568.0,650,30.96,9.0,2.8,0.5,142.0,20.0,0.5,8.1,Clay,1,45.0,0,0.0,0,999.3768921
207,207,3240607,3240607,32.456667,32,27,24.0,-97.026389,97,1,35.0,575.0,659,22.98,15.0,4.4,1.1,142.0,22.0,0.5,8.3,Clay,1,45.0,0,0.0,0,981.1288452
208,208,3357205,3357205,32.085278,32,5,7.0,-96.934722,96,56,5.0,904.0,822,56.75,7.0,1.5,0.9,151.0,48.0,1.4,8.2,Silty clay loam,7,40.0,0,0.0,0,1000.912903
209,209,1823601,1823601,33.6927778,33,41,34.0,-96.1502778,96,9,1.0,849.2222222,1087,65.76888889,4.555555556,1.466666667,0.456666667,152.6666667,88.0,1.4,8.457777778,Silty clay,2,40.0,0,0.0,0,1143.134522
210,210,1725301,1725301,33.599445,33,35,58.0,-95.905834,95,54,21.0,951.7142857,1673,36.61428571,23.42857143,4.871428571,2.871428571,222.2857143,84.42857143,1.516666667,8.471428571,Silty clay loam,7,37.5,0,0.0,0,1152.795044
211,211,1725302,1725302,33.6,33,36,0.0,-95.9063889,95,54,23.0,946.5555556,1660,38.551,22.9,5.42,2.393,223.4,97.2,1.67,8.38,Silty clay loam,7,37.5,0,0.0,0,1152.795044
212,212,1725303,1725303,33.594722,33,35,41.0,-95.905001,95,54,18.0,926.7142857,1727,60.25857143,8.857142857,3.466666667,1.35,202.9333333,76.66666667,1.597142857,8.2,Silty clay loam,7,37.5,0,0.0,0,1152.795044
213,213,1832702,1832702,33.509445,33,30,34.0,-96.118611,96,7,7.0,931.0,1770,55.404,7.8,2.0,0.74,277.0,64.6,1.42,8.32,Silty clay,2,37.5,0,0.0,0,1129.278931
214,214,1838303,1838303,33.461112,33,27,40.0,-96.285,96,17,6.0,799.0,1487,59.78,4.0,1.6,0.2,205.9,55.1,1.5,8.5,Silty clay,2,37.5,0,0.0,0,1098.902344
215,215,1838403,1838403,33.451112,33,27,4.0,-96.337222,96,20,14.0,794.0,1592,35.57,13.0,3.0,1.5,215.0,50.0,1.35,8.3,Silty clay,2,37.5,0,0.0,0,1093.82605
216,216,1840102,1840102,33.469167,33,28,9.0,-96.091945,96,5,31.0,835.2,1800,49.924,7.6,2.2,0.8375,211.0,61.0,1.506,8.286,Silty clay,2,37.5,0,0.0,0,1133.857422
217,217,1820901,1820901,33.6341667,33,38,3.0,-96.5038889,96,30,14.0,267.0,950,23.4,4.0,0.8,0.5,32.0,10.0,0.8,7.9,Silty clay loam,7,37.0,0,0.0,0,1075.408203
218,218,3317401,3317401,32.687222,32,41,14.0,-96.993056,96,59,35.0,795.0,250,45.7,11.0,2.4,1.34,98.0,40.0,2.7,8.5,Loam,4,30.0,0,0.0,1,998.9985962
219,219,1833805,1833805,33.390834,33,23,27.0,-96.920555,96,55,14.0,239.0,270,4.47,50.0,12.0,5.0,22.0,12.0,0.4,7.4,Clay loam,6,30.0,0,0.0,0,1036.755981
220,220,1841301,1841301,33.374444,33,22,28.0,-96.909445,96,54,34.0,1206.0,102,23.72,58.0,12.0,7.0,415.0,46.0,2.3,8.4,Clay loam,6,30.0,0,0.0,1,1036.755981
221,221,1844601,1844601,33.294167,33,17,39.0,-96.501667,96,30,6.0,385.0,1783,25.465,4.0,0.6,0.775,52.5,16.5,0.8,8.5,Clay loam,6,30.0,0,0.0,0,1060.013184
222,222,1849403,1849403,33.1675,33,10,3.0,-96.966389,96,57,59.0,519.0,355,13.07,46.0,17.0,1.0,61.0,17.0,1.2,8.8,Clay loam,6,30.0,0,0.0,0,986.3356934
223,223,1849504,1849504,33.175555,33,10,32.0,-96.954723,96,57,17.0,697.0,305,13.69,48.0,13.0,4.0,281.0,58.0,0.3,8.3,Clay loam,6,30.0,0,0.0,0,986.3356934
224,224,1849508,1849508,33.180555,33,10,50.0,-96.957501,96,57,27.0,637.0,368,10.45,67.0,19.0,5.0,244.0,55.0,0.3,7.7,Clay loam,6,30.0,0,0.0,0,986.3356934
225,225,1849701,1849701,33.163334,33,9,48.0,-96.959167,96,57,33.0,591.5,364,62.105,3.0,0.8,0.5,61.0,21.0,1.5,8.65,Clay loam,6,30.0,0,0.0,0,986.3356934
226,226,1858701,1858701,33.0247222,33,1,29.0,-96.8561111,96,51,22.0,1243.5,858,83.78,5.0,1.6,0.2,112.0,16.0,2.32,8.935,Clay loam,6,30.0,0,0.0,1,1001.546875
227,227,1859601,1859601,33.048611,33,2,55.0,-96.633889,96,38,2.0,3016.0,1130,97.38,27.0,6.0,3.0,193.0,1274.0,3.5,8.8,Clay loam,6,30.0,0,0.0,1,1028.643799
228,228,1964913,1964913,33.021111,33,1,16.0,-97.035556,97,2,8.0,541.0,294,31.14,6.0,2.2,0.2,50.0,13.0,2.1,8.7,Clay loam,6,30.0,0,0.0,1,966.4606934
229,229,1964914,1964914,33.020278,33,1,13.0,-97.035,97,2,6.0,386.0,300,13.86,19.0,5.0,1.7,54.0,19.0,1.1,8.9,Clay loam,6,30.0,0,0.0,0,971.3233643
230,230,3216801,3216801,32.777778,32,46,40.0,-97.073055,97,4,23.0,641.0,217,11.17333333,71.0,16.0,8.0,179.0,35.0,0.603333333,7.66,Clay loam,6,30.0,0,0.0,0,979.6345825
231,231,3231902,3231902,32.515556,32,30,56.0,-97.153612,97,9,13.0,458.5,212,7.465,70.5,21.0,4.5,100.0,21.5,0.65,8.45,Clay loam,6,30.0,0,0.0,0,959.1779785
232,232,3239201,3239201,32.483611,32,29,1.0,-97.205278,97,12,19.0,533.25,270,10.8725,53.4,13.73333333,5.216666667,130.75,22.75,0.5875,7.936,Clay loam,6,30.0,0,0.0,0,955.9160767
233,233,3239302,3239302,32.477222,32,28,38.0,-97.145278,97,8,43.0,461.0,276,7.81,67.0,17.0,6.0,102.0,21.0,0.6,7.9,Clay loam,6,30.0,0,0.0,0,957.3618774
234,234,3247403,3247403,32.2975,32,17,51.0,-97.233611,97,14,1.0,1020.0,152,1.88,580.0,178.0,33.0,500.0,74.0,0.5,7.1,Clay loam,6,30.0,0,0.0,0,988.097168
235,235,3248403,3248403,32.293334,32,17,36.0,-97.087222,97,5,14.0,1220.333333,135,47.51333333,16.33333333,4.6,1.24,400.3333333,71.33333333,1.9,8.2,Clay loam,6,30.0,0,0.0,0,984.9353027
236,236,3256101,3256101,32.208889,32,12,32.0,-97.084167,97,5,3.0,776.0,488,57.84,3.0,1.5,0.0,201.0,25.0,0.8,8.2,Clay loam,6,30.0,0,0.0,0,999.9737549
237,237,3264307,3264307,32.096111,32,5,46.0,-97.007223,97,0,26.0,1936.0,520,57.26,27.0,5.8,3.16,750.0,199.0,2.8,8.2,Clay loam,6,30.0,0,0.0,1,1000.390564
238,238,3264604,3264604,32.059167,32,3,33.0,-97.019167,97,1,9.0,926.0,700,39.45,14.0,1.8,2.55,187.0,52.0,2.6,8.6,Clay loam,6,30.0,0,0.0,1,998.4516602
239,239,3319704,3319704,32.640278,32,38,25.0,-96.725,96,43,30.0,1339.6,1353,59.198,14.6,5.333333333,1.0,436.0,99.33333333,2.022,8.386,Clay loam,6,30.0,0,0.0,1,1013.271301
240,240,3325406,3325406,32.545278,32,32,43.0,-96.967778,96,58,4.0,1643.0,855,65.73,14.0,3.6,1.46,640.0,123.0,2.9,8.9,Clay loam,6,30.0,0,0.0,1,1012.828674
241,241,3325601,3325601,32.545556,32,32,44.0,-96.880278,96,52,49.0,1414.0,955,59.09,14.0,4.0,1.0,520.0,100.0,1.8,8.3,Clay loam,6,30.0,0,0.0,0,1016.91449
242,242,3325706,3325706,32.532778,32,31,58.0,-96.978611,96,58,43.0,2202.0,700,50.56,40.0,8.0,5.0,1030.0,175.0,2.4,8.2,Clay loam,6,30.0,0,0.0,1,1012.828674
243,243,3333106,3333106,32.476389,32,28,35.0,-96.978333,96,58,42.0,606.0,735,44.54,5.0,1.0,0.62,136.0,19.0,0.9,8.3,Clay loam,6,30.0,0,0.0,0,1009.191101
244,244,3333702,3333702,32.411112,32,24,40.0,-96.995,96,59,42.0,1461.0,695,62.22,12.0,3.5,1.0,512.0,75.0,1.65,8.3,Clay loam,6,30.0,0,0.0,0,993.1170044
245,245,3334211,3334211,32.4644444,32,27,52.0,-96.8230556,96,49,23.0,1184.0,1180,65.15,8.333333333,2.4,1.0,333.0,89.5,2.303333333,8.503333333,Clay loam,6,30.0,0,0.0,1,1016.564758
246,246,3341101,3341101,32.339167,32,20,21.0,-96.989445,96,59,22.0,735.0,641,43.97,8.25,1.75,1.0,113.0,31.5,1.5,8.7,Clay loam,6,30.0,0,0.0,0,988.9948731
247,247,3341502,3341502,32.325833,32,19,33.0,-96.943056,96,56,35.0,1277.0,802,60.54,12.0,3.2,1.0,355.0,94.0,4.1,8.3,Clay loam,6,30.0,0,0.0,1,994.6255493
248,248,3342105,3342105,32.336667,32,20,12.0,-96.848611,96,50,55.0,1195.0,1063,58.24,11.0,3.0,1.0,320.0,78.0,2.8,8.5,Clay loam,6,30.0,0,0.0,1,1009.521179
249,249,3357103,3357103,32.087222,32,5,14.0,-96.999167,96,59,57.0,1010.0,727,56.4,9.0,1.4,1.35,245.0,64.0,2.2,7.9,Clay loam,6,30.0,0,0.0,1,1000.390564
250,250,1848402,1848402,33.3119444,33,18,43.0,-96.1088889,96,6,32.0,1184.0,2388,72.43,7.0,2.6,0.36,165.0,187.0,3.0,8.2,Silty clay loam,7,27.5,0,0.0,1,1125.671875
251,251,1831503,1831503,33.573611,33,34,25.0,-96.175833,96,10,33.0,880.3333333,1191,47.07,12.66666667,3.333333333,1.1,199.3333333,93.0,1.3,8.266666667,Loam,4,27.5,0,0.0,0,1141.292847
252,252,1831504,1831504,33.573611,33,34,25.0,-96.175833,96,10,33.0,840.5,1200,31.4475,24.5,6.55,2.075,206.5,68.75,1.2,8.525,Loam,4,27.5,0,0.0,0,1141.292847
253,253,1841203,1841203,33.361112,33,21,40.0,-96.9175,96,55,3.0,348.0,125,8.65,36.0,8.0,4.0,49.0,20.0,0.6,7.6,Clay loam,6,26.5,0,0.0,0,1036.755981
254,254,1964602,1964602,33.076111,33,4,34.0,-97.035834,97,2,9.0,499.0,255,5.91,107.0,25.0,11.0,148.0,29.0,0.6,7.6,Clay loam,6,26.5,0,0.0,0,966.4058838
255,255,3224804,3224804,32.628055,32,37,41.0,-97.080555,97,4,50.0,774.0,271,5.55,208.0,62.0,13.0,325.0,38.0,0.3,7.9,Silt loam,5,25.5,0,0.0,0,973.6831665
256,256,1810601,1810601,33.793889,33,47,38.0,-96.780833,96,46,51.0,284.6666667,234,10.35,23.66666667,6.4,1.983333333,37.0,9.666666667,0.433333333,8.0,Fine sandy loam,8,10.0,0,0.0,0,1035.077026
257,257,1810801,1810801,33.785556,33,47,8.0,-96.807501,96,48,27.0,265.0,285,3.365,76.0,20.5,7.5,38.0,22.0,0.3,7.7,Fine sandy loam,8,10.0,0,0.0,0,1035.077026
258,258,1819101,1819101,33.738334,33,44,18.0,-96.749722,96,44,59.0,700.9090909,300,46.94909091,7.0,1.363636364,1.010909091,79.72727273,18.90909091,2.190909091,8.77,Fine sandy loam,8,10.0,0,0.0,1,1053.192871
259,259,1820601,1820601,33.683889,33,41,2.0,-96.530278,96,31,49.0,356.5,307,10.035,29.5,9.0,1.5,135.5,16.0,0.5,7.05,Fine sandy loam,8,10.0,0,0.0,0,1074.152954
260,260,1823402,1823402,33.672778,33,40,22.0,-96.239722,96,14,23.0,765.8888889,768,46.50444444,6.444444444,1.4,0.818888889,190.1666667,51.33333333,1.477777778,8.388888889,Fine sandy loam,8,10.0,0,0.0,0,1136.198608
261,261,1823407,1823407,33.674167,33,40,27.0,-96.239445,96,14,22.0,681.0,764,41.39,6.0,1.2,0.75,156.85,47.75,1.15,8.55,Fine sandy loam,8,10.0,0,0.0,0,1136.198608
262,262,3207102,3207102,32.959723,32,57,35.0,-97.225555,97,13,32.0,72.0,125,0.91,33.0,10.0,2.0,5.0,13.0,0.2,6.4,Fine sandy loam,8,10.0,0,0.0,0,955.2475586
263,263,3208105,3208105,32.965278,32,57,55.0,-97.102778,97,6,10.0,310.0,170,3.32,104.0,27.0,9.0,55.0,56.0,0.4,7.5,Fine sandy loam,8,10.0,0,0.0,0,971.3204956
264,264,3208201,3208201,32.958334,32,57,30.0,-97.067222,97,4,2.0,334.0,238,17.0,10.0,1.0,2.0,40.0,56.0,0.3,7.9,Fine sandy loam,8,10.0,0,0.0,0,971.3204956
265,265,3208202,3208202,32.982222,32,58,56.0,-97.065834,97,3,57.0,421.0,200,21.46,11.0,3.0,1.0,50.0,28.0,0.8,8.2,Fine sandy loam,8,10.0,0,0.0,0,968.21698
266,266,3216210,3216210,32.859723,32,51,35.0,-97.083055,97,4,59.0,307.0,158,4.21,68.0,18.0,5.7,52.0,42.0,0.2,7.3,Fine sandy loam,8,10.0,0,0.0,0,970.2547607
267,267,3231602,3231602,32.565556,32,33,56.0,-97.142222,97,8,32.0,574.25,200,13.4525,41.0,12.5,2.5,163.0,33.75,0.466666667,8.125,Fine sandy loam,8,10.0,0,0.0,0,967.0031738
