,id,left,top,right,bottom,label_KNNpred
0,1.0,-18545.2946,1196517.033,-13717.2626,1191689.001,1.0
1,2.0,-18545.2946,1191689.001,-13717.2626,1186860.969,1.0
2,3.0,-13717.2626,1201345.065,-8889.230595,1196517.033,1.0
3,4.0,-13717.2626,1196517.033,-8889.230595,1191689.001,1.0
4,5.0,-13717.2626,1191689.001,-8889.230595,1186860.969,1.0
5,6.0,-8889.230595,1201345.065,-4061.198595,1196517.033,1.0
6,7.0,-8889.230595,1196517.033,-4061.198595,1191689.001,1.0
7,8.0,-8889.230595,1191689.001,-4061.198595,1186860.969,1.0
8,9.0,-4061.198595,1201345.065,766.8334048,1196517.033,1.0
9,10.0,-4061.198595,1196517.033,766.8334048,1191689.001,1.0
10,11.0,-4061.198595,1191689.001,766.8334048,1186860.969,1.0
11,12.0,766.8334048,1206173.097,5594.865405,1201345.065,1.0
12,13.0,766.8334048,1201345.065,5594.865405,1196517.033,1.0
13,14.0,766.8334048,1196517.033,5594.865405,1191689.001,1.0
14,15.0,766.8334048,1191689.001,5594.865405,1186860.969,1.0
15,16.0,5594.865405,1206173.097,10422.8974,1201345.065,1.0
16,17.0,5594.865405,1201345.065,10422.8974,1196517.033,1.0
17,18.0,5594.865405,1196517.033,10422.8974,1191689.001,1.0
18,19.0,5594.865405,1191689.001,10422.8974,1186860.969,1.0
19,20.0,10422.8974,1201345.065,15250.9294,1196517.033,1.0
20,21.0,10422.8974,1196517.033,15250.9294,1191689.001,1.0
21,22.0,10422.8974,1191689.001,15250.9294,1186860.969,1.0
22,23.0,15250.9294,1201345.065,20078.9614,1196517.033,1.0
23,24.0,15250.9294,1196517.033,20078.9614,1191689.001,1.0
24,25.0,15250.9294,1191689.001,20078.9614,1186860.969,1.0
25,26.0,20078.9614,1206173.097,24906.9934,1201345.065,1.0
26,27.0,20078.9614,1201345.065,24906.9934,1196517.033,1.0
27,28.0,20078.9614,1196517.033,24906.9934,1191689.001,1.0
28,29.0,20078.9614,1191689.001,24906.9934,1186860.969,1.0
29,30.0,24906.9934,1206173.097,29735.0254,1201345.065,1.0
30,31.0,24906.9934,1201345.065,29735.0254,1196517.033,1.0
31,32.0,24906.9934,1196517.033,29735.0254,1191689.001,1.0
32,33.0,24906.9934,1191689.001,29735.0254,1186860.969,1.0
33,34.0,29735.0254,1206173.097,34563.0574,1201345.065,1.0
34,35.0,29735.0254,1201345.065,34563.0574,1196517.033,1.0
35,36.0,29735.0254,1196517.033,34563.0574,1191689.001,1.0
36,37.0,29735.0254,1191689.001,34563.0574,1186860.969,1.0
37,38.0,34563.0574,1211001.129,39391.0894,1206173.097,1.0
38,39.0,34563.0574,1206173.097,39391.0894,1201345.065,1.0
39,40.0,34563.0574,1201345.065,39391.0894,1196517.033,1.0
40,41.0,34563.0574,1196517.033,39391.0894,1191689.001,1.0
41,42.0,34563.0574,1191689.001,39391.0894,1186860.969,1.0
42,43.0,39391.0894,1211001.129,44219.1214,1206173.097,1.0
43,44.0,39391.0894,1206173.097,44219.1214,1201345.065,1.0
44,45.0,39391.0894,1201345.065,44219.1214,1196517.033,1.0
45,46.0,39391.0894,1196517.033,44219.1214,1191689.001,1.0
46,47.0,39391.0894,1191689.001,44219.1214,1186860.969,1.0
47,48.0,44219.1214,1206173.097,49047.1534,1201345.065,1.0
48,49.0,44219.1214,1201345.065,49047.1534,1196517.033,1.0
49,50.0,44219.1214,1196517.033,49047.1534,1191689.001,1.0
50,51.0,44219.1214,1191689.001,49047.1534,1186860.969,1.0
51,52.0,49047.1534,1206173.097,53875.1854,1201345.065,1.0
52,53.0,49047.1534,1201345.065,53875.1854,1196517.033,1.0
53,54.0,49047.1534,1196517.033,53875.1854,1191689.001,1.0
54,55.0,49047.1534,1191689.001,53875.1854,1186860.969,1.0
55,56.0,53875.1854,1201345.065,58703.2174,1196517.033,1.0
56,57.0,53875.1854,1196517.033,58703.2174,1191689.001,1.0
57,58.0,53875.1854,1191689.001,58703.2174,1186860.969,1.0
58,59.0,58703.2174,1206173.097,63531.2494,1201345.065,1.0
59,60.0,58703.2174,1201345.065,63531.2494,1196517.033,1.0
60,61.0,58703.2174,1196517.033,63531.2494,1191689.001,1.0
61,62.0,58703.2174,1191689.001,63531.2494,1186860.969,1.0
62,63.0,63531.2494,1206173.097,68359.2814,1201345.065,1.0
63,64.0,63531.2494,1201345.065,68359.2814,1196517.033,1.0
64,65.0,63531.2494,1196517.033,68359.2814,1191689.001,1.0
65,66.0,63531.2494,1191689.001,68359.2814,1186860.969,1.0
66,67.0,68359.2814,1211001.129,73187.3134,1206173.097,1.0
67,68.0,68359.2814,1206173.097,73187.3134,1201345.065,1.0
68,69.0,68359.2814,1201345.065,73187.3134,1196517.033,1.0
69,70.0,68359.2814,1196517.033,73187.3134,1191689.001,1.0
70,71.0,68359.2814,1191689.001,73187.3134,1186860.969,1.0
71,72.0,73187.3134,1211001.129,78015.3454,1206173.097,1.0
72,73.0,73187.3134,1206173.097,78015.3454,1201345.065,1.0
73,74.0,73187.3134,1201345.065,78015.3454,1196517.033,1.0
74,75.0,73187.3134,1196517.033,78015.3454,1191689.001,1.0
75,76.0,73187.3134,1191689.001,78015.3454,1186860.969,1.0
76,77.0,78015.3454,1211001.129,82843.3774,1206173.097,1.0
77,78.0,78015.3454,1206173.097,82843.3774,1201345.065,1.0
78,79.0,78015.3454,1201345.065,82843.3774,1196517.033,1.0
79,80.0,78015.3454,1196517.033,82843.3774,1191689.001,1.0
80,81.0,78015.3454,1191689.001,82843.3774,1186860.969,1.0
81,82.0,82843.3774,1211001.129,87671.4094,1206173.097,1.0
82,83.0,82843.3774,1206173.097,87671.4094,1201345.065,1.0
83,84.0,82843.3774,1201345.065,87671.4094,1196517.033,1.0
84,85.0,82843.3774,1196517.033,87671.4094,1191689.001,1.0
85,86.0,82843.3774,1191689.001,87671.4094,1186860.969,1.0
86,87.0,87671.4094,1206173.097,92499.4414,1201345.065,1.0
87,88.0,87671.4094,1201345.065,92499.4414,1196517.033,1.0
88,89.0,87671.4094,1196517.033,92499.4414,1191689.001,1.0
89,90.0,92499.4414,1201345.065,97327.4734,1196517.033,1.0
90,91.0,92499.4414,1196517.033,97327.4734,1191689.001,1.0
91,92.0,-124761.9986,1056504.105,-119933.9666,1051676.073,0.0
92,93.0,-124761.9986,1051676.073,-119933.9666,1046848.041,0.0
93,94.0,-124761.9986,1046848.041,-119933.9666,1042020.009,0.0
94,95.0,-124761.9986,1042020.009,-119933.9666,1037191.977,0.0
95,96.0,-124761.9986,1037191.977,-119933.9666,1032363.945,0.0
96,97.0,-124761.9986,1032363.945,-119933.9666,1027535.913,0.0
97,98.0,-124761.9986,1027535.913,-119933.9666,1022707.881,0.0
98,99.0,-124761.9986,1022707.881,-119933.9666,1017879.849,0.0
99,100.0,-124761.9986,1017879.849,-119933.9666,1013051.817,0.0
100,101.0,-124761.9986,1013051.817,-119933.9666,1008223.785,0.0
101,102.0,-124761.9986,1008223.785,-119933.9666,1003395.753,0.0
102,103.0,-124761.9986,1003395.753,-119933.9666,998567.7206,0.0
103,104.0,-124761.9986,998567.7206,-119933.9666,993739.6886,0.0
104,105.0,-124761.9986,993739.6886,-119933.9666,988911.6566,0.0
105,106.0,-124761.9986,988911.6566,-119933.9666,984083.6246,0.0
106,107.0,-124761.9986,984083.6246,-119933.9666,979255.5926,0.0
107,108.0,-119933.9666,1099956.393,-115105.9346,1095128.361,0.0
108,109.0,-119933.9666,1095128.361,-115105.9346,1090300.329,0.0
109,110.0,-119933.9666,1066160.169,-115105.9346,1061332.137,0.0
110,111.0,-119933.9666,1061332.137,-115105.9346,1056504.105,0.0
111,112.0,-119933.9666,1056504.105,-115105.9346,1051676.073,0.0
112,113.0,-119933.9666,1051676.073,-115105.9346,1046848.041,0.0
113,114.0,-119933.9666,1046848.041,-115105.9346,1042020.009,0.0
114,115.0,-119933.9666,1042020.009,-115105.9346,1037191.977,0.0
115,116.0,-119933.9666,1037191.977,-115105.9346,1032363.945,0.0
116,117.0,-119933.9666,1032363.945,-115105.9346,1027535.913,0.0
117,118.0,-119933.9666,1027535.913,-115105.9346,1022707.881,0.0
118,119.0,-119933.9666,1022707.881,-115105.9346,1017879.849,0.0
119,120.0,-119933.9666,1017879.849,-115105.9346,1013051.817,0.0
120,121.0,-119933.9666,1013051.817,-115105.9346,1008223.785,0.0
121,122.0,-119933.9666,1008223.785,-115105.9346,1003395.753,0.0
122,123.0,-119933.9666,1003395.753,-115105.9346,998567.7206,0.0
123,124.0,-119933.9666,998567.7206,-115105.9346,993739.6886,0.0
124,125.0,-119933.9666,993739.6886,-115105.9346,988911.6566,0.0
125,126.0,-119933.9666,988911.6566,-115105.9346,984083.6246,0.0
126,127.0,-119933.9666,984083.6246,-115105.9346,979255.5926,0.0
127,128.0,-119933.9666,979255.5926,-115105.9346,974427.5606,0.0
128,129.0,-119933.9666,974427.5606,-115105.9346,969599.5286,1.0
129,130.0,-119933.9666,969599.5286,-115105.9346,964771.4966,1.0
130,131.0,-119933.9666,964771.4966,-115105.9346,959943.4646,1.0
131,132.0,-115105.9346,1119268.521,-110277.9026,1114440.489,0.0
132,133.0,-115105.9346,1114440.489,-110277.9026,1109612.457,0.0
133,134.0,-115105.9346,1104784.425,-110277.9026,1099956.393,0.0
134,135.0,-115105.9346,1099956.393,-110277.9026,1095128.361,0.0
135,136.0,-115105.9346,1095128.361,-110277.9026,1090300.329,0.0
136,137.0,-115105.9346,1090300.329,-110277.9026,1085472.297,0.0
137,138.0,-115105.9346,1085472.297,-110277.9026,1080644.265,0.0
138,139.0,-115105.9346,1080644.265,-110277.9026,1075816.233,0.0
139,140.0,-115105.9346,1075816.233,-110277.9026,1070988.201,0.0
140,141.0,-115105.9346,1070988.201,-110277.9026,1066160.169,0.0
141,142.0,-115105.9346,1066160.169,-110277.9026,1061332.137,0.0
142,143.0,-115105.9346,1061332.137,-110277.9026,1056504.105,0.0
143,144.0,-115105.9346,1056504.105,-110277.9026,1051676.073,0.0
144,145.0,-115105.9346,1051676.073,-110277.9026,1046848.041,0.0
145,146.0,-115105.9346,1046848.041,-110277.9026,1042020.009,0.0
146,147.0,-115105.9346,1042020.009,-110277.9026,1037191.977,0.0
147,148.0,-115105.9346,1037191.977,-110277.9026,1032363.945,0.0
148,149.0,-115105.9346,1032363.945,-110277.9026,1027535.913,0.0
149,150.0,-115105.9346,1027535.913,-110277.9026,1022707.881,0.0
150,151.0,-115105.9346,1022707.881,-110277.9026,1017879.849,0.0
151,152.0,-115105.9346,1017879.849,-110277.9026,1013051.817,0.0
152,153.0,-115105.9346,1013051.817,-110277.9026,1008223.785,0.0
153,154.0,-115105.9346,1008223.785,-110277.9026,1003395.753,0.0
154,155.0,-115105.9346,1003395.753,-110277.9026,998567.7206,0.0
155,156.0,-115105.9346,998567.7206,-110277.9026,993739.6886,0.0
156,157.0,-115105.9346,993739.6886,-110277.9026,988911.6566,0.0
157,158.0,-115105.9346,988911.6566,-110277.9026,984083.6246,0.0
158,159.0,-115105.9346,984083.6246,-110277.9026,979255.5926,0.0
159,160.0,-115105.9346,979255.5926,-110277.9026,974427.5606,1.0
160,161.0,-115105.9346,974427.5606,-110277.9026,969599.5286,1.0
161,162.0,-115105.9346,969599.5286,-110277.9026,964771.4966,1.0
162,163.0,-115105.9346,964771.4966,-110277.9026,959943.4646,1.0
163,164.0,-115105.9346,959943.4646,-110277.9026,955115.4326,1.0
164,165.0,-110277.9026,1128924.585,-105449.8706,1124096.553,0.0
165,166.0,-110277.9026,1124096.553,-105449.8706,1119268.521,0.0
166,167.0,-110277.9026,1119268.521,-105449.8706,1114440.489,0.0
167,168.0,-110277.9026,1114440.489,-105449.8706,1109612.457,0.0
168,169.0,-110277.9026,1109612.457,-105449.8706,1104784.425,0.0
169,170.0,-110277.9026,1104784.425,-105449.8706,1099956.393,0.0
170,171.0,-110277.9026,1099956.393,-105449.8706,1095128.361,0.0
171,172.0,-110277.9026,1095128.361,-105449.8706,1090300.329,0.0
172,173.0,-110277.9026,1090300.329,-105449.8706,1085472.297,0.0
173,174.0,-110277.9026,1085472.297,-105449.8706,1080644.265,0.0
174,175.0,-110277.9026,1080644.265,-105449.8706,1075816.233,0.0
175,176.0,-110277.9026,1075816.233,-105449.8706,1070988.201,0.0
176,177.0,-110277.9026,1070988.201,-105449.8706,1066160.169,0.0
177,178.0,-110277.9026,1066160.169,-105449.8706,1061332.137,0.0
178,179.0,-110277.9026,1061332.137,-105449.8706,1056504.105,0.0
179,180.0,-110277.9026,1056504.105,-105449.8706,1051676.073,0.0
180,181.0,-110277.9026,1051676.073,-105449.8706,1046848.041,0.0
181,182.0,-110277.9026,1046848.041,-105449.8706,1042020.009,0.0
182,183.0,-110277.9026,1042020.009,-105449.8706,1037191.977,0.0
183,184.0,-110277.9026,1037191.977,-105449.8706,1032363.945,0.0
184,185.0,-110277.9026,1032363.945,-105449.8706,1027535.913,0.0
185,186.0,-110277.9026,1027535.913,-105449.8706,1022707.881,1.0
186,187.0,-110277.9026,1022707.881,-105449.8706,1017879.849,1.0
187,188.0,-110277.9026,1017879.849,-105449.8706,1013051.817,0.0
188,189.0,-110277.9026,1013051.817,-105449.8706,1008223.785,0.0
189,190.0,-110277.9026,1008223.785,-105449.8706,1003395.753,0.0
190,191.0,-110277.9026,1003395.753,-105449.8706,998567.7206,0.0
191,192.0,-110277.9026,998567.7206,-105449.8706,993739.6886,0.0
192,193.0,-110277.9026,993739.6886,-105449.8706,988911.6566,0.0
193,194.0,-110277.9026,988911.6566,-105449.8706,984083.6246,0.0
194,195.0,-110277.9026,984083.6246,-105449.8706,979255.5926,1.0
195,196.0,-110277.9026,979255.5926,-105449.8706,974427.5606,1.0
196,197.0,-110277.9026,974427.5606,-105449.8706,969599.5286,1.0
197,198.0,-110277.9026,969599.5286,-105449.8706,964771.4966,1.0
198,199.0,-110277.9026,964771.4966,-105449.8706,959943.4646,1.0
199,200.0,-110277.9026,959943.4646,-105449.8706,955115.4326,1.0
200,201.0,-105449.8706,1133752.617,-100621.8386,1128924.585,0.0
201,202.0,-105449.8706,1128924.585,-100621.8386,1124096.553,0.0
202,203.0,-105449.8706,1124096.553,-100621.8386,1119268.521,0.0
203,204.0,-105449.8706,1119268.521,-100621.8386,1114440.489,0.0
204,205.0,-105449.8706,1114440.489,-100621.8386,1109612.457,0.0
205,206.0,-105449.8706,1109612.457,-100621.8386,1104784.425,0.0
206,207.0,-105449.8706,1104784.425,-100621.8386,1099956.393,0.0
207,208.0,-105449.8706,1099956.393,-100621.8386,1095128.361,0.0
208,209.0,-105449.8706,1095128.361,-100621.8386,1090300.329,0.0
209,210.0,-105449.8706,1090300.329,-100621.8386,1085472.297,0.0
210,211.0,-105449.8706,1085472.297,-100621.8386,1080644.265,0.0
211,212.0,-105449.8706,1080644.265,-100621.8386,1075816.233,0.0
212,213.0,-105449.8706,1075816.233,-100621.8386,1070988.201,0.0
213,214.0,-105449.8706,1070988.201,-100621.8386,1066160.169,0.0
214,215.0,-105449.8706,1066160.169,-100621.8386,1061332.137,0.0
215,216.0,-105449.8706,1061332.137,-100621.8386,1056504.105,0.0
216,217.0,-105449.8706,1056504.105,-100621.8386,1051676.073,0.0
217,218.0,-105449.8706,1051676.073,-100621.8386,1046848.041,0.0
218,219.0,-105449.8706,1046848.041,-100621.8386,1042020.009,0.0
219,220.0,-105449.8706,1042020.009,-100621.8386,1037191.977,0.0
220,221.0,-105449.8706,1037191.977,-100621.8386,1032363.945,0.0
221,222.0,-105449.8706,1032363.945,-100621.8386,1027535.913,0.0
222,223.0,-105449.8706,1027535.913,-100621.8386,1022707.881,0.0
223,224.0,-105449.8706,1022707.881,-100621.8386,1017879.849,0.0
224,225.0,-105449.8706,1017879.849,-100621.8386,1013051.817,0.0
225,226.0,-105449.8706,1013051.817,-100621.8386,1008223.785,0.0
226,227.0,-105449.8706,1008223.785,-100621.8386,1003395.753,0.0
227,228.0,-105449.8706,1003395.753,-100621.8386,998567.7206,0.0
228,229.0,-105449.8706,998567.7206,-100621.8386,993739.6886,0.0
229,230.0,-105449.8706,993739.6886,-100621.8386,988911.6566,0.0
230,231.0,-105449.8706,988911.6566,-100621.8386,984083.6246,1.0
231,232.0,-105449.8706,984083.6246,-100621.8386,979255.5926,1.0
232,233.0,-105449.8706,979255.5926,-100621.8386,974427.5606,1.0
233,234.0,-105449.8706,974427.5606,-100621.8386,969599.5286,1.0
234,235.0,-105449.8706,969599.5286,-100621.8386,964771.4966,1.0
235,236.0,-105449.8706,964771.4966,-100621.8386,959943.4646,1.0
236,237.0,-105449.8706,959943.4646,-100621.8386,955115.4326,1.0
237,238.0,-100621.8386,1186860.969,-95793.8066,1182032.937,0.0
238,239.0,-100621.8386,1182032.937,-95793.8066,1177204.905,0.0
239,240.0,-100621.8386,1177204.905,-95793.8066,1172376.873,0.0
240,241.0,-100621.8386,1172376.873,-95793.8066,1167548.841,0.0
241,242.0,-100621.8386,1167548.841,-95793.8066,1162720.809,0.0
242,243.0,-100621.8386,1162720.809,-95793.8066,1157892.777,0.0
243,244.0,-100621.8386,1157892.777,-95793.8066,1153064.745,0.0
244,245.0,-100621.8386,1148236.713,-95793.8066,1143408.681,0.0
245,246.0,-100621.8386,1138580.649,-95793.8066,1133752.617,0.0
246,247.0,-100621.8386,1133752.617,-95793.8066,1128924.585,0.0
247,248.0,-100621.8386,1128924.585,-95793.8066,1124096.553,0.0
248,249.0,-100621.8386,1124096.553,-95793.8066,1119268.521,0.0
249,250.0,-100621.8386,1119268.521,-95793.8066,1114440.489,0.0
250,251.0,-100621.8386,1114440.489,-95793.8066,1109612.457,0.0
251,252.0,-100621.8386,1109612.457,-95793.8066,1104784.425,0.0
252,253.0,-100621.8386,1104784.425,-95793.8066,1099956.393,0.0
253,254.0,-100621.8386,1099956.393,-95793.8066,1095128.361,0.0
254,255.0,-100621.8386,1095128.361,-95793.8066,1090300.329,0.0
255,256.0,-100621.8386,1090300.329,-95793.8066,1085472.297,0.0
256,257.0,-100621.8386,1085472.297,-95793.8066,1080644.265,0.0
257,258.0,-100621.8386,1080644.265,-95793.8066,1075816.233,0.0
258,259.0,-100621.8386,1075816.233,-95793.8066,1070988.201,0.0
259,260.0,-100621.8386,1070988.201,-95793.8066,1066160.169,0.0
260,261.0,-100621.8386,1066160.169,-95793.8066,1061332.137,0.0
261,262.0,-100621.8386,1061332.137,-95793.8066,1056504.105,0.0
262,263.0,-100621.8386,1056504.105,-95793.8066,1051676.073,0.0
263,264.0,-100621.8386,1051676.073,-95793.8066,1046848.041,0.0
264,265.0,-100621.8386,1046848.041,-95793.8066,1042020.009,0.0
265,266.0,-100621.8386,1042020.009,-95793.8066,1037191.977,1.0
266,267.0,-100621.8386,1037191.977,-95793.8066,1032363.945,0.0
267,268.0,-100621.8386,1032363.945,-95793.8066,1027535.913,0.0
268,269.0,-100621.8386,1027535.913,-95793.8066,1022707.881,0.0
269,270.0,-100621.8386,1022707.881,-95793.8066,1017879.849,0.0
270,271.0,-100621.8386,1017879.849,-95793.8066,1013051.817,0.0
271,272.0,-100621.8386,1013051.817,-95793.8066,1008223.785,0.0
272,273.0,-100621.8386,1008223.785,-95793.8066,1003395.753,1.0
273,274.0,-100621.8386,1003395.753,-95793.8066,998567.7206,1.0
274,275.0,-100621.8386,998567.7206,-95793.8066,993739.6886,0.0
275,276.0,-100621.8386,993739.6886,-95793.8066,988911.6566,0.0
276,277.0,-100621.8386,988911.6566,-95793.8066,984083.6246,1.0
277,278.0,-100621.8386,984083.6246,-95793.8066,979255.5926,1.0
278,279.0,-100621.8386,979255.5926,-95793.8066,974427.5606,1.0
279,280.0,-100621.8386,974427.5606,-95793.8066,969599.5286,1.0
280,281.0,-100621.8386,969599.5286,-95793.8066,964771.4966,1.0
281,282.0,-100621.8386,964771.4966,-95793.8066,959943.4646,1.0
282,283.0,-100621.8386,959943.4646,-95793.8066,955115.4326,1.0
283,284.0,-95793.8066,1201345.065,-90965.7746,1196517.033,0.0
284,285.0,-95793.8066,1196517.033,-90965.7746,1191689.001,0.0
285,286.0,-95793.8066,1191689.001,-90965.7746,1186860.969,0.0
286,287.0,-95793.8066,1186860.969,-90965.7746,1182032.937,0.0
287,288.0,-95793.8066,1182032.937,-90965.7746,1177204.905,0.0
288,289.0,-95793.8066,1177204.905,-90965.7746,1172376.873,0.0
289,290.0,-95793.8066,1172376.873,-90965.7746,1167548.841,0.0
290,291.0,-95793.8066,1167548.841,-90965.7746,1162720.809,0.0
291,292.0,-95793.8066,1162720.809,-90965.7746,1157892.777,0.0
292,293.0,-95793.8066,1157892.777,-90965.7746,1153064.745,0.0
293,294.0,-95793.8066,1153064.745,-90965.7746,1148236.713,0.0
294,295.0,-95793.8066,1148236.713,-90965.7746,1143408.681,0.0
295,296.0,-95793.8066,1143408.681,-90965.7746,1138580.649,0.0
296,297.0,-95793.8066,1138580.649,-90965.7746,1133752.617,0.0
297,298.0,-95793.8066,1133752.617,-90965.7746,1128924.585,0.0
298,299.0,-95793.8066,1128924.585,-90965.7746,1124096.553,0.0
299,300.0,-95793.8066,1124096.553,-90965.7746,1119268.521,0.0
300,301.0,-95793.8066,1119268.521,-90965.7746,1114440.489,0.0
301,302.0,-95793.8066,1114440.489,-90965.7746,1109612.457,1.0
302,303.0,-95793.8066,1109612.457,-90965.7746,1104784.425,1.0
303,304.0,-95793.8066,1104784.425,-90965.7746,1099956.393,0.0
304,305.0,-95793.8066,1099956.393,-90965.7746,1095128.361,0.0
305,306.0,-95793.8066,1095128.361,-90965.7746,1090300.329,1.0
306,307.0,-95793.8066,1090300.329,-90965.7746,1085472.297,0.0
307,308.0,-95793.8066,1085472.297,-90965.7746,1080644.265,1.0
308,309.0,-95793.8066,1080644.265,-90965.7746,1075816.233,0.0
309,310.0,-95793.8066,1075816.233,-90965.7746,1070988.201,0.0
310,311.0,-95793.8066,1070988.201,-90965.7746,1066160.169,0.0
311,312.0,-95793.8066,1066160.169,-90965.7746,1061332.137,0.0
312,313.0,-95793.8066,1061332.137,-90965.7746,1056504.105,0.0
313,314.0,-95793.8066,1056504.105,-90965.7746,1051676.073,1.0
314,315.0,-95793.8066,1051676.073,-90965.7746,1046848.041,1.0
315,316.0,-95793.8066,1046848.041,-90965.7746,1042020.009,0.0
316,317.0,-95793.8066,1042020.009,-90965.7746,1037191.977,1.0
317,318.0,-95793.8066,1037191.977,-90965.7746,1032363.945,1.0
318,319.0,-95793.8066,1032363.945,-90965.7746,1027535.913,0.0
319,320.0,-95793.8066,1027535.913,-90965.7746,1022707.881,0.0
320,321.0,-95793.8066,1022707.881,-90965.7746,1017879.849,0.0
321,322.0,-95793.8066,1017879.849,-90965.7746,1013051.817,0.0
322,323.0,-95793.8066,1013051.817,-90965.7746,1008223.785,1.0
323,324.0,-95793.8066,1008223.785,-90965.7746,1003395.753,1.0
324,325.0,-95793.8066,1003395.753,-90965.7746,998567.7206,1.0
325,326.0,-95793.8066,998567.7206,-90965.7746,993739.6886,1.0
326,327.0,-95793.8066,993739.6886,-90965.7746,988911.6566,1.0
327,328.0,-95793.8066,988911.6566,-90965.7746,984083.6246,1.0
328,329.0,-95793.8066,984083.6246,-90965.7746,979255.5926,1.0
329,330.0,-95793.8066,979255.5926,-90965.7746,974427.5606,1.0
330,331.0,-95793.8066,974427.5606,-90965.7746,969599.5286,1.0
331,332.0,-95793.8066,969599.5286,-90965.7746,964771.4966,1.0
332,333.0,-90965.7746,1206173.097,-86137.7426,1201345.065,0.0
333,334.0,-90965.7746,1201345.065,-86137.7426,1196517.033,0.0
334,335.0,-90965.7746,1196517.033,-86137.7426,1191689.001,0.0
335,336.0,-90965.7746,1191689.001,-86137.7426,1186860.969,0.0
336,337.0,-90965.7746,1186860.969,-86137.7426,1182032.937,0.0
337,338.0,-90965.7746,1182032.937,-86137.7426,1177204.905,0.0
338,339.0,-90965.7746,1177204.905,-86137.7426,1172376.873,0.0
339,340.0,-90965.7746,1172376.873,-86137.7426,1167548.841,0.0
340,341.0,-90965.7746,1167548.841,-86137.7426,1162720.809,0.0
341,342.0,-90965.7746,1162720.809,-86137.7426,1157892.777,0.0
342,343.0,-90965.7746,1157892.777,-86137.7426,1153064.745,0.0
343,344.0,-90965.7746,1153064.745,-86137.7426,1148236.713,0.0
344,345.0,-90965.7746,1148236.713,-86137.7426,1143408.681,0.0
345,346.0,-90965.7746,1143408.681,-86137.7426,1138580.649,0.0
346,347.0,-90965.7746,1138580.649,-86137.7426,1133752.617,0.0
347,348.0,-90965.7746,1133752.617,-86137.7426,1128924.585,0.0
348,349.0,-90965.7746,1128924.585,-86137.7426,1124096.553,0.0
349,350.0,-90965.7746,1124096.553,-86137.7426,1119268.521,0.0
350,351.0,-90965.7746,1119268.521,-86137.7426,1114440.489,0.0
351,352.0,-90965.7746,1114440.489,-86137.7426,1109612.457,1.0
352,353.0,-90965.7746,1109612.457,-86137.7426,1104784.425,1.0
353,354.0,-90965.7746,1104784.425,-86137.7426,1099956.393,0.0
354,355.0,-90965.7746,1099956.393,-86137.7426,1095128.361,0.0
355,356.0,-90965.7746,1095128.361,-86137.7426,1090300.329,1.0
356,357.0,-90965.7746,1090300.329,-86137.7426,1085472.297,1.0
357,358.0,-90965.7746,1085472.297,-86137.7426,1080644.265,1.0
358,359.0,-90965.7746,1080644.265,-86137.7426,1075816.233,1.0
359,360.0,-90965.7746,1075816.233,-86137.7426,1070988.201,1.0
360,361.0,-90965.7746,1070988.201,-86137.7426,1066160.169,0.0
361,362.0,-90965.7746,1066160.169,-86137.7426,1061332.137,0.0
362,363.0,-90965.7746,1061332.137,-86137.7426,1056504.105,0.0
363,364.0,-90965.7746,1056504.105,-86137.7426,1051676.073,1.0
364,365.0,-90965.7746,1051676.073,-86137.7426,1046848.041,1.0
365,366.0,-90965.7746,1046848.041,-86137.7426,1042020.009,0.0
366,367.0,-90965.7746,1042020.009,-86137.7426,1037191.977,1.0
367,368.0,-90965.7746,1037191.977,-86137.7426,1032363.945,1.0
368,369.0,-90965.7746,1032363.945,-86137.7426,1027535.913,1.0
369,370.0,-90965.7746,1027535.913,-86137.7426,1022707.881,1.0
370,371.0,-90965.7746,1022707.881,-86137.7426,1017879.849,1.0
371,372.0,-90965.7746,1017879.849,-86137.7426,1013051.817,0.0
372,373.0,-90965.7746,1013051.817,-86137.7426,1008223.785,0.0
373,374.0,-90965.7746,1008223.785,-86137.7426,1003395.753,0.0
374,375.0,-90965.7746,1003395.753,-86137.7426,998567.7206,0.0
375,376.0,-90965.7746,998567.7206,-86137.7426,993739.6886,0.0
376,377.0,-90965.7746,993739.6886,-86137.7426,988911.6566,1.0
377,378.0,-90965.7746,988911.6566,-86137.7426,984083.6246,1.0
378,379.0,-90965.7746,984083.6246,-86137.7426,979255.5926,1.0
379,380.0,-90965.7746,979255.5926,-86137.7426,974427.5606,1.0
380,381.0,-90965.7746,974427.5606,-86137.7426,969599.5286,1.0
381,382.0,-86137.7426,1201345.065,-81309.7106,1196517.033,0.0
382,383.0,-86137.7426,1196517.033,-81309.7106,1191689.001,0.0
383,384.0,-86137.7426,1191689.001,-81309.7106,1186860.969,0.0
384,385.0,-86137.7426,1186860.969,-81309.7106,1182032.937,0.0
385,386.0,-86137.7426,1182032.937,-81309.7106,1177204.905,0.0
386,387.0,-86137.7426,1177204.905,-81309.7106,1172376.873,0.0
387,388.0,-86137.7426,1172376.873,-81309.7106,1167548.841,0.0
388,389.0,-86137.7426,1167548.841,-81309.7106,1162720.809,0.0
389,390.0,-86137.7426,1162720.809,-81309.7106,1157892.777,0.0
390,391.0,-86137.7426,1157892.777,-81309.7106,1153064.745,0.0
391,392.0,-86137.7426,1153064.745,-81309.7106,1148236.713,0.0
392,393.0,-86137.7426,1148236.713,-81309.7106,1143408.681,0.0
393,394.0,-86137.7426,1143408.681,-81309.7106,1138580.649,0.0
394,395.0,-86137.7426,1138580.649,-81309.7106,1133752.617,0.0
395,396.0,-86137.7426,1133752.617,-81309.7106,1128924.585,1.0
396,397.0,-86137.7426,1128924.585,-81309.7106,1124096.553,1.0
397,398.0,-86137.7426,1124096.553,-81309.7106,1119268.521,1.0
398,399.0,-86137.7426,1119268.521,-81309.7106,1114440.489,0.0
399,400.0,-86137.7426,1114440.489,-81309.7106,1109612.457,1.0
400,401.0,-86137.7426,1109612.457,-81309.7106,1104784.425,1.0
401,402.0,-86137.7426,1104784.425,-81309.7106,1099956.393,0.0
402,403.0,-86137.7426,1099956.393,-81309.7106,1095128.361,0.0
403,404.0,-86137.7426,1095128.361,-81309.7106,1090300.329,1.0
404,405.0,-86137.7426,1090300.329,-81309.7106,1085472.297,1.0
405,406.0,-86137.7426,1085472.297,-81309.7106,1080644.265,1.0
406,407.0,-86137.7426,1080644.265,-81309.7106,1075816.233,1.0
407,408.0,-86137.7426,1075816.233,-81309.7106,1070988.201,1.0
408,409.0,-86137.7426,1070988.201,-81309.7106,1066160.169,1.0
409,410.0,-86137.7426,1066160.169,-81309.7106,1061332.137,0.0
410,411.0,-86137.7426,1061332.137,-81309.7106,1056504.105,0.0
411,412.0,-86137.7426,1056504.105,-81309.7106,1051676.073,1.0
412,413.0,-86137.7426,1051676.073,-81309.7106,1046848.041,1.0
413,414.0,-86137.7426,1046848.041,-81309.7106,1042020.009,1.0
414,415.0,-86137.7426,1042020.009,-81309.7106,1037191.977,1.0
415,416.0,-86137.7426,1037191.977,-81309.7106,1032363.945,1.0
416,417.0,-86137.7426,1032363.945,-81309.7106,1027535.913,1.0
417,418.0,-86137.7426,1027535.913,-81309.7106,1022707.881,1.0
418,419.0,-86137.7426,1022707.881,-81309.7106,1017879.849,1.0
419,420.0,-86137.7426,1017879.849,-81309.7106,1013051.817,1.0
420,421.0,-86137.7426,1013051.817,-81309.7106,1008223.785,0.0
421,422.0,-86137.7426,1008223.785,-81309.7106,1003395.753,0.0
422,423.0,-86137.7426,1003395.753,-81309.7106,998567.7206,0.0
423,424.0,-86137.7426,998567.7206,-81309.7106,993739.6886,0.0
424,425.0,-86137.7426,993739.6886,-81309.7106,988911.6566,1.0
425,426.0,-86137.7426,988911.6566,-81309.7106,984083.6246,1.0
426,427.0,-86137.7426,984083.6246,-81309.7106,979255.5926,1.0
427,428.0,-86137.7426,979255.5926,-81309.7106,974427.5606,1.0
428,429.0,-81309.7106,1201345.065,-76481.6786,1196517.033,0.0
429,430.0,-81309.7106,1196517.033,-76481.6786,1191689.001,0.0
430,431.0,-81309.7106,1191689.001,-76481.6786,1186860.969,0.0
431,432.0,-81309.7106,1186860.969,-76481.6786,1182032.937,0.0
432,433.0,-81309.7106,1182032.937,-76481.6786,1177204.905,0.0
433,434.0,-81309.7106,1177204.905,-76481.6786,1172376.873,0.0
434,435.0,-81309.7106,1172376.873,-76481.6786,1167548.841,0.0
435,436.0,-81309.7106,1167548.841,-76481.6786,1162720.809,0.0
436,437.0,-81309.7106,1162720.809,-76481.6786,1157892.777,0.0
437,438.0,-81309.7106,1157892.777,-76481.6786,1153064.745,0.0
438,439.0,-81309.7106,1153064.745,-76481.6786,1148236.713,0.0
439,440.0,-81309.7106,1148236.713,-76481.6786,1143408.681,0.0
440,441.0,-81309.7106,1143408.681,-76481.6786,1138580.649,0.0
441,442.0,-81309.7106,1138580.649,-76481.6786,1133752.617,0.0
442,443.0,-81309.7106,1133752.617,-76481.6786,1128924.585,1.0
443,444.0,-81309.7106,1128924.585,-76481.6786,1124096.553,1.0
444,445.0,-81309.7106,1124096.553,-76481.6786,1119268.521,1.0
445,446.0,-81309.7106,1119268.521,-76481.6786,1114440.489,1.0
446,447.0,-81309.7106,1114440.489,-76481.6786,1109612.457,1.0
447,448.0,-81309.7106,1109612.457,-76481.6786,1104784.425,1.0
448,449.0,-81309.7106,1104784.425,-76481.6786,1099956.393,1.0
449,450.0,-81309.7106,1099956.393,-76481.6786,1095128.361,0.0
450,451.0,-81309.7106,1095128.361,-76481.6786,1090300.329,1.0
451,452.0,-81309.7106,1090300.329,-76481.6786,1085472.297,1.0
452,453.0,-81309.7106,1085472.297,-76481.6786,1080644.265,1.0
453,454.0,-81309.7106,1080644.265,-76481.6786,1075816.233,1.0
454,455.0,-81309.7106,1075816.233,-76481.6786,1070988.201,1.0
455,456.0,-81309.7106,1070988.201,-76481.6786,1066160.169,1.0
456,457.0,-81309.7106,1066160.169,-76481.6786,1061332.137,1.0
457,458.0,-81309.7106,1061332.137,-76481.6786,1056504.105,1.0
458,459.0,-81309.7106,1056504.105,-76481.6786,1051676.073,1.0
459,460.0,-81309.7106,1051676.073,-76481.6786,1046848.041,1.0
460,461.0,-81309.7106,1046848.041,-76481.6786,1042020.009,1.0
461,462.0,-81309.7106,1042020.009,-76481.6786,1037191.977,1.0
462,463.0,-81309.7106,1037191.977,-76481.6786,1032363.945,1.0
463,464.0,-81309.7106,1032363.945,-76481.6786,1027535.913,1.0
464,465.0,-81309.7106,1027535.913,-76481.6786,1022707.881,1.0
465,466.0,-81309.7106,1022707.881,-76481.6786,1017879.849,1.0
466,467.0,-81309.7106,1017879.849,-76481.6786,1013051.817,1.0
467,468.0,-81309.7106,1013051.817,-76481.6786,1008223.785,0.0
468,469.0,-81309.7106,1008223.785,-76481.6786,1003395.753,0.0
469,470.0,-81309.7106,1003395.753,-76481.6786,998567.7206,0.0
470,471.0,-81309.7106,998567.7206,-76481.6786,993739.6886,0.0
471,472.0,-81309.7106,993739.6886,-76481.6786,988911.6566,0.0
472,473.0,-81309.7106,988911.6566,-76481.6786,984083.6246,1.0
473,474.0,-81309.7106,984083.6246,-76481.6786,979255.5926,1.0
474,475.0,-76481.6786,1201345.065,-71653.6466,1196517.033,0.0
475,476.0,-76481.6786,1196517.033,-71653.6466,1191689.001,0.0
476,477.0,-76481.6786,1191689.001,-71653.6466,1186860.969,0.0
477,478.0,-76481.6786,1186860.969,-71653.6466,1182032.937,0.0
478,479.0,-76481.6786,1182032.937,-71653.6466,1177204.905,0.0
479,480.0,-76481.6786,1177204.905,-71653.6466,1172376.873,0.0
480,481.0,-76481.6786,1172376.873,-71653.6466,1167548.841,0.0
481,482.0,-76481.6786,1167548.841,-71653.6466,1162720.809,0.0
482,483.0,-76481.6786,1162720.809,-71653.6466,1157892.777,0.0
483,484.0,-76481.6786,1157892.777,-71653.6466,1153064.745,0.0
484,485.0,-76481.6786,1153064.745,-71653.6466,1148236.713,1.0
485,486.0,-76481.6786,1148236.713,-71653.6466,1143408.681,1.0
486,487.0,-76481.6786,1143408.681,-71653.6466,1138580.649,1.0
487,488.0,-76481.6786,1138580.649,-71653.6466,1133752.617,0.0
488,489.0,-76481.6786,1133752.617,-71653.6466,1128924.585,1.0
489,490.0,-76481.6786,1128924.585,-71653.6466,1124096.553,1.0
490,491.0,-76481.6786,1124096.553,-71653.6466,1119268.521,1.0
491,492.0,-76481.6786,1119268.521,-71653.6466,1114440.489,1.0
492,493.0,-76481.6786,1114440.489,-71653.6466,1109612.457,1.0
493,494.0,-76481.6786,1109612.457,-71653.6466,1104784.425,1.0
494,495.0,-76481.6786,1104784.425,-71653.6466,1099956.393,1.0
495,496.0,-76481.6786,1099956.393,-71653.6466,1095128.361,1.0
496,497.0,-76481.6786,1095128.361,-71653.6466,1090300.329,1.0
497,498.0,-76481.6786,1090300.329,-71653.6466,1085472.297,1.0
498,499.0,-76481.6786,1085472.297,-71653.6466,1080644.265,1.0
499,500.0,-76481.6786,1080644.265,-71653.6466,1075816.233,1.0
500,501.0,-76481.6786,1075816.233,-71653.6466,1070988.201,1.0
501,502.0,-76481.6786,1070988.201,-71653.6466,1066160.169,1.0
502,503.0,-76481.6786,1066160.169,-71653.6466,1061332.137,1.0
503,504.0,-76481.6786,1061332.137,-71653.6466,1056504.105,1.0
504,505.0,-76481.6786,1056504.105,-71653.6466,1051676.073,1.0
505,506.0,-76481.6786,1051676.073,-71653.6466,1046848.041,1.0
506,507.0,-76481.6786,1046848.041,-71653.6466,1042020.009,1.0
507,508.0,-76481.6786,1042020.009,-71653.6466,1037191.977,1.0
508,509.0,-76481.6786,1037191.977,-71653.6466,1032363.945,1.0
509,510.0,-76481.6786,1032363.945,-71653.6466,1027535.913,1.0
510,511.0,-76481.6786,1027535.913,-71653.6466,1022707.881,1.0
511,512.0,-76481.6786,1022707.881,-71653.6466,1017879.849,1.0
512,513.0,-76481.6786,1017879.849,-71653.6466,1013051.817,1.0
513,514.0,-76481.6786,1013051.817,-71653.6466,1008223.785,0.0
514,515.0,-76481.6786,1008223.785,-71653.6466,1003395.753,0.0
515,516.0,-76481.6786,1003395.753,-71653.6466,998567.7206,0.0
516,517.0,-76481.6786,998567.7206,-71653.6466,993739.6886,0.0
517,518.0,-76481.6786,993739.6886,-71653.6466,988911.6566,0.0
518,519.0,-76481.6786,988911.6566,-71653.6466,984083.6246,1.0
519,520.0,-76481.6786,984083.6246,-71653.6466,979255.5926,1.0
520,521.0,-71653.6466,1196517.033,-66825.6146,1191689.001,0.0
521,522.0,-71653.6466,1191689.001,-66825.6146,1186860.969,0.0
522,523.0,-71653.6466,1186860.969,-66825.6146,1182032.937,0.0
523,524.0,-71653.6466,1182032.937,-66825.6146,1177204.905,0.0
524,525.0,-71653.6466,1177204.905,-66825.6146,1172376.873,0.0
525,526.0,-71653.6466,1172376.873,-66825.6146,1167548.841,0.0
526,527.0,-71653.6466,1167548.841,-66825.6146,1162720.809,0.0
527,528.0,-71653.6466,1162720.809,-66825.6146,1157892.777,0.0
528,529.0,-71653.6466,1157892.777,-66825.6146,1153064.745,0.0
529,530.0,-71653.6466,1153064.745,-66825.6146,1148236.713,1.0
530,531.0,-71653.6466,1148236.713,-66825.6146,1143408.681,1.0
531,532.0,-71653.6466,1143408.681,-66825.6146,1138580.649,1.0
532,533.0,-71653.6466,1138580.649,-66825.6146,1133752.617,1.0
533,534.0,-71653.6466,1133752.617,-66825.6146,1128924.585,1.0
534,535.0,-71653.6466,1128924.585,-66825.6146,1124096.553,1.0
535,536.0,-71653.6466,1124096.553,-66825.6146,1119268.521,1.0
536,537.0,-71653.6466,1119268.521,-66825.6146,1114440.489,1.0
537,538.0,-71653.6466,1114440.489,-66825.6146,1109612.457,1.0
538,539.0,-71653.6466,1109612.457,-66825.6146,1104784.425,1.0
539,540.0,-71653.6466,1104784.425,-66825.6146,1099956.393,1.0
540,541.0,-71653.6466,1099956.393,-66825.6146,1095128.361,1.0
541,542.0,-71653.6466,1095128.361,-66825.6146,1090300.329,1.0
542,543.0,-71653.6466,1090300.329,-66825.6146,1085472.297,1.0
543,544.0,-71653.6466,1085472.297,-66825.6146,1080644.265,1.0
544,545.0,-71653.6466,1080644.265,-66825.6146,1075816.233,1.0
545,546.0,-71653.6466,1075816.233,-66825.6146,1070988.201,1.0
546,547.0,-71653.6466,1070988.201,-66825.6146,1066160.169,1.0
547,548.0,-71653.6466,1066160.169,-66825.6146,1061332.137,1.0
548,549.0,-71653.6466,1061332.137,-66825.6146,1056504.105,1.0
549,550.0,-71653.6466,1056504.105,-66825.6146,1051676.073,1.0
550,551.0,-71653.6466,1051676.073,-66825.6146,1046848.041,1.0
551,552.0,-71653.6466,1046848.041,-66825.6146,1042020.009,1.0
552,553.0,-71653.6466,1042020.009,-66825.6146,1037191.977,1.0
553,554.0,-71653.6466,1037191.977,-66825.6146,1032363.945,1.0
554,555.0,-71653.6466,1032363.945,-66825.6146,1027535.913,1.0
555,556.0,-71653.6466,1027535.913,-66825.6146,1022707.881,1.0
556,557.0,-71653.6466,1022707.881,-66825.6146,1017879.849,1.0
557,558.0,-71653.6466,1017879.849,-66825.6146,1013051.817,1.0
558,559.0,-71653.6466,1013051.817,-66825.6146,1008223.785,1.0
559,560.0,-71653.6466,1008223.785,-66825.6146,1003395.753,0.0
560,561.0,-71653.6466,1003395.753,-66825.6146,998567.7206,0.0
561,562.0,-71653.6466,998567.7206,-66825.6146,993739.6886,0.0
562,563.0,-71653.6466,993739.6886,-66825.6146,988911.6566,0.0
563,564.0,-71653.6466,988911.6566,-66825.6146,984083.6246,1.0
564,565.0,-71653.6466,984083.6246,-66825.6146,979255.5926,1.0
565,566.0,-66825.6146,1196517.033,-61997.5826,1191689.001,0.0
566,567.0,-66825.6146,1191689.001,-61997.5826,1186860.969,0.0
567,568.0,-66825.6146,1186860.969,-61997.5826,1182032.937,0.0
568,569.0,-66825.6146,1182032.937,-61997.5826,1177204.905,1.0
569,570.0,-66825.6146,1177204.905,-61997.5826,1172376.873,1.0
570,571.0,-66825.6146,1172376.873,-61997.5826,1167548.841,1.0
571,572.0,-66825.6146,1167548.841,-61997.5826,1162720.809,0.0
572,573.0,-66825.6146,1162720.809,-61997.5826,1157892.777,0.0
573,574.0,-66825.6146,1157892.777,-61997.5826,1153064.745,0.0
574,575.0,-66825.6146,1153064.745,-61997.5826,1148236.713,0.0
575,576.0,-66825.6146,1148236.713,-61997.5826,1143408.681,1.0
576,577.0,-66825.6146,1143408.681,-61997.5826,1138580.649,1.0
577,578.0,-66825.6146,1138580.649,-61997.5826,1133752.617,1.0
578,579.0,-66825.6146,1133752.617,-61997.5826,1128924.585,0.0
579,580.0,-66825.6146,1128924.585,-61997.5826,1124096.553,1.0
580,581.0,-66825.6146,1124096.553,-61997.5826,1119268.521,1.0
581,582.0,-66825.6146,1119268.521,-61997.5826,1114440.489,1.0
582,583.0,-66825.6146,1114440.489,-61997.5826,1109612.457,1.0
583,584.0,-66825.6146,1109612.457,-61997.5826,1104784.425,1.0
584,585.0,-66825.6146,1104784.425,-61997.5826,1099956.393,1.0
585,586.0,-66825.6146,1099956.393,-61997.5826,1095128.361,1.0
586,587.0,-66825.6146,1095128.361,-61997.5826,1090300.329,1.0
587,588.0,-66825.6146,1090300.329,-61997.5826,1085472.297,1.0
588,589.0,-66825.6146,1085472.297,-61997.5826,1080644.265,1.0
589,590.0,-66825.6146,1080644.265,-61997.5826,1075816.233,1.0
590,591.0,-66825.6146,1075816.233,-61997.5826,1070988.201,0.0
591,592.0,-66825.6146,1070988.201,-61997.5826,1066160.169,0.0
592,593.0,-66825.6146,1066160.169,-61997.5826,1061332.137,0.0
593,594.0,-66825.6146,1061332.137,-61997.5826,1056504.105,1.0
594,595.0,-66825.6146,1056504.105,-61997.5826,1051676.073,1.0
595,596.0,-66825.6146,1051676.073,-61997.5826,1046848.041,1.0
596,597.0,-66825.6146,1046848.041,-61997.5826,1042020.009,1.0
597,598.0,-66825.6146,1042020.009,-61997.5826,1037191.977,1.0
598,599.0,-66825.6146,1037191.977,-61997.5826,1032363.945,1.0
599,600.0,-66825.6146,1032363.945,-61997.5826,1027535.913,1.0
600,601.0,-66825.6146,1027535.913,-61997.5826,1022707.881,1.0
601,602.0,-66825.6146,1022707.881,-61997.5826,1017879.849,1.0
602,603.0,-66825.6146,1017879.849,-61997.5826,1013051.817,1.0
603,604.0,-66825.6146,1013051.817,-61997.5826,1008223.785,1.0
604,605.0,-66825.6146,1008223.785,-61997.5826,1003395.753,1.0
605,606.0,-66825.6146,1003395.753,-61997.5826,998567.7206,0.0
606,607.0,-66825.6146,998567.7206,-61997.5826,993739.6886,0.0
607,608.0,-66825.6146,993739.6886,-61997.5826,988911.6566,0.0
608,609.0,-66825.6146,988911.6566,-61997.5826,984083.6246,0.0
609,610.0,-61997.5826,1191689.001,-57169.5506,1186860.969,0.0
610,611.0,-61997.5826,1186860.969,-57169.5506,1182032.937,0.0
611,612.0,-61997.5826,1182032.937,-57169.5506,1177204.905,0.0
612,613.0,-61997.5826,1177204.905,-57169.5506,1172376.873,0.0
613,614.0,-61997.5826,1172376.873,-57169.5506,1167548.841,0.0
614,615.0,-61997.5826,1167548.841,-57169.5506,1162720.809,0.0
615,616.0,-61997.5826,1162720.809,-57169.5506,1157892.777,0.0
616,617.0,-61997.5826,1157892.777,-57169.5506,1153064.745,0.0
617,618.0,-61997.5826,1153064.745,-57169.5506,1148236.713,0.0
618,619.0,-61997.5826,1148236.713,-57169.5506,1143408.681,0.0
619,620.0,-61997.5826,1143408.681,-57169.5506,1138580.649,0.0
620,621.0,-61997.5826,1138580.649,-57169.5506,1133752.617,0.0
621,622.0,-61997.5826,1133752.617,-57169.5506,1128924.585,0.0
622,623.0,-61997.5826,1128924.585,-57169.5506,1124096.553,0.0
623,624.0,-61997.5826,1124096.553,-57169.5506,1119268.521,1.0
624,625.0,-61997.5826,1119268.521,-57169.5506,1114440.489,1.0
625,626.0,-61997.5826,1114440.489,-57169.5506,1109612.457,1.0
626,627.0,-61997.5826,1109612.457,-57169.5506,1104784.425,1.0
627,628.0,-61997.5826,1104784.425,-57169.5506,1099956.393,1.0
628,629.0,-61997.5826,1099956.393,-57169.5506,1095128.361,1.0
629,630.0,-61997.5826,1095128.361,-57169.5506,1090300.329,1.0
630,631.0,-61997.5826,1090300.329,-57169.5506,1085472.297,1.0
631,632.0,-61997.5826,1085472.297,-57169.5506,1080644.265,1.0
632,633.0,-61997.5826,1080644.265,-57169.5506,1075816.233,1.0
633,634.0,-61997.5826,1075816.233,-57169.5506,1070988.201,0.0
634,635.0,-61997.5826,1070988.201,-57169.5506,1066160.169,0.0
635,636.0,-61997.5826,1066160.169,-57169.5506,1061332.137,1.0
636,637.0,-61997.5826,1061332.137,-57169.5506,1056504.105,1.0
637,638.0,-61997.5826,1056504.105,-57169.5506,1051676.073,1.0
638,639.0,-61997.5826,1051676.073,-57169.5506,1046848.041,1.0
639,640.0,-61997.5826,1046848.041,-57169.5506,1042020.009,1.0
640,641.0,-61997.5826,1042020.009,-57169.5506,1037191.977,1.0
641,642.0,-61997.5826,1037191.977,-57169.5506,1032363.945,1.0
642,643.0,-61997.5826,1032363.945,-57169.5506,1027535.913,1.0
643,644.0,-61997.5826,1027535.913,-57169.5506,1022707.881,1.0
644,645.0,-61997.5826,1022707.881,-57169.5506,1017879.849,1.0
645,646.0,-61997.5826,1017879.849,-57169.5506,1013051.817,1.0
646,647.0,-61997.5826,1013051.817,-57169.5506,1008223.785,1.0
647,648.0,-57169.5506,1191689.001,-52341.5186,1186860.969,0.0
648,649.0,-57169.5506,1186860.969,-52341.5186,1182032.937,0.0
649,650.0,-57169.5506,1182032.937,-52341.5186,1177204.905,1.0
650,651.0,-57169.5506,1177204.905,-52341.5186,1172376.873,0.0
651,652.0,-57169.5506,1172376.873,-52341.5186,1167548.841,0.0
652,653.0,-57169.5506,1167548.841,-52341.5186,1162720.809,0.0
653,654.0,-57169.5506,1162720.809,-52341.5186,1157892.777,0.0
654,655.0,-57169.5506,1157892.777,-52341.5186,1153064.745,0.0
655,656.0,-57169.5506,1153064.745,-52341.5186,1148236.713,0.0
656,657.0,-57169.5506,1148236.713,-52341.5186,1143408.681,0.0
657,658.0,-57169.5506,1143408.681,-52341.5186,1138580.649,0.0
658,659.0,-57169.5506,1138580.649,-52341.5186,1133752.617,0.0
659,660.0,-57169.5506,1133752.617,-52341.5186,1128924.585,0.0
660,661.0,-57169.5506,1128924.585,-52341.5186,1124096.553,0.0
661,662.0,-57169.5506,1124096.553,-52341.5186,1119268.521,1.0
662,663.0,-57169.5506,1119268.521,-52341.5186,1114440.489,1.0
663,664.0,-57169.5506,1114440.489,-52341.5186,1109612.457,1.0
664,665.0,-57169.5506,1104784.425,-52341.5186,1099956.393,1.0
665,666.0,-57169.5506,1099956.393,-52341.5186,1095128.361,1.0
666,667.0,-57169.5506,1095128.361,-52341.5186,1090300.329,1.0
667,668.0,-57169.5506,1090300.329,-52341.5186,1085472.297,1.0
668,669.0,-57169.5506,1085472.297,-52341.5186,1080644.265,1.0
669,670.0,-57169.5506,1080644.265,-52341.5186,1075816.233,1.0
670,671.0,-57169.5506,1075816.233,-52341.5186,1070988.201,0.0
671,672.0,-57169.5506,1070988.201,-52341.5186,1066160.169,1.0
672,673.0,-57169.5506,1066160.169,-52341.5186,1061332.137,1.0
673,674.0,-57169.5506,1061332.137,-52341.5186,1056504.105,1.0
674,675.0,-57169.5506,1056504.105,-52341.5186,1051676.073,1.0
675,676.0,-57169.5506,1051676.073,-52341.5186,1046848.041,1.0
676,677.0,-57169.5506,1046848.041,-52341.5186,1042020.009,1.0
677,678.0,-57169.5506,1042020.009,-52341.5186,1037191.977,1.0
678,679.0,-57169.5506,1037191.977,-52341.5186,1032363.945,1.0
679,680.0,-57169.5506,1032363.945,-52341.5186,1027535.913,1.0
680,681.0,-57169.5506,1027535.913,-52341.5186,1022707.881,1.0
681,682.0,-57169.5506,1022707.881,-52341.5186,1017879.849,1.0
682,683.0,-57169.5506,1017879.849,-52341.5186,1013051.817,1.0
683,684.0,-52341.5186,1191689.001,-47513.4866,1186860.969,0.0
684,685.0,-52341.5186,1186860.969,-47513.4866,1182032.937,1.0
685,686.0,-52341.5186,1182032.937,-47513.4866,1177204.905,1.0
686,687.0,-52341.5186,1177204.905,-47513.4866,1172376.873,0.0
687,688.0,-52341.5186,1172376.873,-47513.4866,1167548.841,0.0
688,689.0,-52341.5186,1167548.841,-47513.4866,1162720.809,0.0
689,690.0,-52341.5186,1162720.809,-47513.4866,1157892.777,0.0
690,691.0,-52341.5186,1157892.777,-47513.4866,1153064.745,0.0
691,692.0,-52341.5186,1153064.745,-47513.4866,1148236.713,0.0
692,693.0,-52341.5186,1148236.713,-47513.4866,1143408.681,0.0
693,694.0,-52341.5186,1143408.681,-47513.4866,1138580.649,0.0
694,695.0,-52341.5186,1138580.649,-47513.4866,1133752.617,0.0
695,696.0,-52341.5186,1133752.617,-47513.4866,1128924.585,0.0
696,697.0,-52341.5186,1128924.585,-47513.4866,1124096.553,0.0
697,698.0,-52341.5186,1124096.553,-47513.4866,1119268.521,0.0
698,699.0,-52341.5186,1119268.521,-47513.4866,1114440.489,1.0
699,700.0,-52341.5186,1114440.489,-47513.4866,1109612.457,1.0
700,701.0,-52341.5186,1095128.361,-47513.4866,1090300.329,1.0
701,702.0,-52341.5186,1090300.329,-47513.4866,1085472.297,1.0
702,703.0,-52341.5186,1085472.297,-47513.4866,1080644.265,1.0
703,704.0,-52341.5186,1080644.265,-47513.4866,1075816.233,1.0
704,705.0,-52341.5186,1075816.233,-47513.4866,1070988.201,1.0
705,706.0,-52341.5186,1070988.201,-47513.4866,1066160.169,1.0
706,707.0,-52341.5186,1066160.169,-47513.4866,1061332.137,1.0
707,708.0,-52341.5186,1061332.137,-47513.4866,1056504.105,1.0
708,709.0,-52341.5186,1056504.105,-47513.4866,1051676.073,1.0
709,710.0,-52341.5186,1051676.073,-47513.4866,1046848.041,1.0
710,711.0,-52341.5186,1046848.041,-47513.4866,1042020.009,1.0
711,712.0,-52341.5186,1042020.009,-47513.4866,1037191.977,1.0
712,713.0,-52341.5186,1037191.977,-47513.4866,1032363.945,1.0
713,714.0,-52341.5186,1032363.945,-47513.4866,1027535.913,1.0
714,715.0,-52341.5186,1027535.913,-47513.4866,1022707.881,1.0
715,716.0,-47513.4866,1191689.001,-42685.4546,1186860.969,1.0
716,717.0,-47513.4866,1186860.969,-42685.4546,1182032.937,1.0
717,718.0,-47513.4866,1182032.937,-42685.4546,1177204.905,1.0
718,719.0,-47513.4866,1177204.905,-42685.4546,1172376.873,0.0
719,720.0,-47513.4866,1172376.873,-42685.4546,1167548.841,0.0
720,721.0,-47513.4866,1167548.841,-42685.4546,1162720.809,0.0
721,722.0,-47513.4866,1162720.809,-42685.4546,1157892.777,0.0
722,723.0,-47513.4866,1157892.777,-42685.4546,1153064.745,1.0
723,724.0,-47513.4866,1153064.745,-42685.4546,1148236.713,1.0
724,725.0,-47513.4866,1148236.713,-42685.4546,1143408.681,0.0
725,726.0,-47513.4866,1143408.681,-42685.4546,1138580.649,0.0
726,727.0,-47513.4866,1138580.649,-42685.4546,1133752.617,0.0
727,728.0,-47513.4866,1133752.617,-42685.4546,1128924.585,0.0
728,729.0,-47513.4866,1128924.585,-42685.4546,1124096.553,0.0
729,730.0,-47513.4866,1124096.553,-42685.4546,1119268.521,0.0
730,731.0,-47513.4866,1119268.521,-42685.4546,1114440.489,1.0
731,732.0,-47513.4866,1114440.489,-42685.4546,1109612.457,1.0
732,733.0,-47513.4866,1085472.297,-42685.4546,1080644.265,1.0
733,734.0,-47513.4866,1080644.265,-42685.4546,1075816.233,1.0
734,735.0,-47513.4866,1075816.233,-42685.4546,1070988.201,1.0
735,736.0,-47513.4866,1070988.201,-42685.4546,1066160.169,1.0
736,737.0,-47513.4866,1066160.169,-42685.4546,1061332.137,1.0
737,738.0,-47513.4866,1061332.137,-42685.4546,1056504.105,1.0
738,739.0,-47513.4866,1056504.105,-42685.4546,1051676.073,1.0
739,740.0,-47513.4866,1051676.073,-42685.4546,1046848.041,1.0
740,741.0,-47513.4866,1046848.041,-42685.4546,1042020.009,1.0
741,742.0,-47513.4866,1042020.009,-42685.4546,1037191.977,1.0
742,743.0,-47513.4866,1037191.977,-42685.4546,1032363.945,1.0
743,744.0,-42685.4546,1186860.969,-37857.4226,1182032.937,1.0
744,745.0,-42685.4546,1182032.937,-37857.4226,1177204.905,0.0
745,746.0,-42685.4546,1177204.905,-37857.4226,1172376.873,0.0
746,747.0,-42685.4546,1172376.873,-37857.4226,1167548.841,0.0
747,748.0,-42685.4546,1167548.841,-37857.4226,1162720.809,0.0
748,749.0,-42685.4546,1162720.809,-37857.4226,1157892.777,1.0
749,750.0,-42685.4546,1157892.777,-37857.4226,1153064.745,1.0
750,751.0,-42685.4546,1153064.745,-37857.4226,1148236.713,1.0
751,752.0,-42685.4546,1148236.713,-37857.4226,1143408.681,1.0
752,753.0,-42685.4546,1143408.681,-37857.4226,1138580.649,0.0
753,754.0,-42685.4546,1138580.649,-37857.4226,1133752.617,0.0
754,755.0,-42685.4546,1133752.617,-37857.4226,1128924.585,0.0
755,756.0,-42685.4546,1128924.585,-37857.4226,1124096.553,0.0
756,757.0,-42685.4546,1124096.553,-37857.4226,1119268.521,0.0
757,758.0,-42685.4546,1119268.521,-37857.4226,1114440.489,0.0
758,759.0,-42685.4546,1080644.265,-37857.4226,1075816.233,1.0
759,760.0,-42685.4546,1075816.233,-37857.4226,1070988.201,1.0
760,761.0,-42685.4546,1070988.201,-37857.4226,1066160.169,1.0
761,762.0,-42685.4546,1066160.169,-37857.4226,1061332.137,1.0
762,763.0,-42685.4546,1061332.137,-37857.4226,1056504.105,1.0
763,764.0,-42685.4546,1056504.105,-37857.4226,1051676.073,1.0
764,765.0,-42685.4546,1051676.073,-37857.4226,1046848.041,1.0
765,766.0,-42685.4546,1046848.041,-37857.4226,1042020.009,1.0
766,767.0,-37857.4226,1182032.937,-33029.3906,1177204.905,0.0
767,768.0,-37857.4226,1177204.905,-33029.3906,1172376.873,0.0
768,769.0,-37857.4226,1172376.873,-33029.3906,1167548.841,0.0
769,770.0,-37857.4226,1167548.841,-33029.3906,1162720.809,0.0
770,771.0,-37857.4226,1162720.809,-33029.3906,1157892.777,0.0
771,772.0,-37857.4226,1157892.777,-33029.3906,1153064.745,0.0
772,773.0,-37857.4226,1153064.745,-33029.3906,1148236.713,1.0
773,774.0,-37857.4226,1148236.713,-33029.3906,1143408.681,1.0
774,775.0,-37857.4226,1143408.681,-33029.3906,1138580.649,0.0
775,776.0,-37857.4226,1138580.649,-33029.3906,1133752.617,0.0
776,777.0,-37857.4226,1133752.617,-33029.3906,1128924.585,0.0
777,778.0,-37857.4226,1128924.585,-33029.3906,1124096.553,0.0
778,779.0,-37857.4226,1124096.553,-33029.3906,1119268.521,1.0
779,780.0,-37857.4226,1119268.521,-33029.3906,1114440.489,1.0
780,781.0,-33029.3906,1186860.969,-28201.3586,1182032.937,0.0
781,782.0,-33029.3906,1182032.937,-28201.3586,1177204.905,0.0
782,783.0,-33029.3906,1177204.905,-28201.3586,1172376.873,0.0
783,784.0,-33029.3906,1172376.873,-28201.3586,1167548.841,0.0
784,785.0,-33029.3906,1167548.841,-28201.3586,1162720.809,0.0
785,786.0,-33029.3906,1162720.809,-28201.3586,1157892.777,0.0
786,787.0,-33029.3906,1157892.777,-28201.3586,1153064.745,0.0
787,788.0,-33029.3906,1153064.745,-28201.3586,1148236.713,0.0
788,789.0,-33029.3906,1148236.713,-28201.3586,1143408.681,0.0
789,790.0,-33029.3906,1143408.681,-28201.3586,1138580.649,0.0
790,791.0,-33029.3906,1138580.649,-28201.3586,1133752.617,0.0
791,792.0,-33029.3906,1133752.617,-28201.3586,1128924.585,0.0
792,793.0,-33029.3906,1128924.585,-28201.3586,1124096.553,1.0
793,794.0,-33029.3906,1124096.553,-28201.3586,1119268.521,1.0
794,795.0,-33029.3906,1119268.521,-28201.3586,1114440.489,1.0
795,796.0,-28201.3586,1191689.001,-23373.3266,1186860.969,0.0
796,797.0,-28201.3586,1186860.969,-23373.3266,1182032.937,0.0
797,798.0,-28201.3586,1182032.937,-23373.3266,1177204.905,0.0
798,799.0,-28201.3586,1177204.905,-23373.3266,1172376.873,0.0
799,800.0,-28201.3586,1172376.873,-23373.3266,1167548.841,1.0
800,801.0,-28201.3586,1167548.841,-23373.3266,1162720.809,1.0
801,802.0,-28201.3586,1162720.809,-23373.3266,1157892.777,0.0
802,803.0,-28201.3586,1157892.777,-23373.3266,1153064.745,0.0
803,804.0,-28201.3586,1153064.745,-23373.3266,1148236.713,0.0
804,805.0,-28201.3586,1148236.713,-23373.3266,1143408.681,1.0
805,806.0,-28201.3586,1143408.681,-23373.3266,1138580.649,1.0
806,807.0,-28201.3586,1138580.649,-23373.3266,1133752.617,1.0
807,808.0,-28201.3586,1133752.617,-23373.3266,1128924.585,1.0
808,809.0,-28201.3586,1128924.585,-23373.3266,1124096.553,1.0
809,810.0,-28201.3586,1124096.553,-23373.3266,1119268.521,1.0
810,811.0,-28201.3586,1119268.521,-23373.3266,1114440.489,1.0
811,812.0,-23373.3266,1191689.001,-18545.2946,1186860.969,0.0
812,813.0,-23373.3266,1186860.969,-18545.2946,1182032.937,0.0
813,814.0,-23373.3266,1182032.937,-18545.2946,1177204.905,0.0
814,815.0,-23373.3266,1177204.905,-18545.2946,1172376.873,0.0
815,816.0,-23373.3266,1172376.873,-18545.2946,1167548.841,1.0
816,817.0,-23373.3266,1167548.841,-18545.2946,1162720.809,0.0
817,818.0,-23373.3266,1162720.809,-18545.2946,1157892.777,0.0
818,819.0,-23373.3266,1157892.777,-18545.2946,1153064.745,0.0
819,820.0,-23373.3266,1153064.745,-18545.2946,1148236.713,1.0
820,821.0,-23373.3266,1148236.713,-18545.2946,1143408.681,1.0
821,822.0,-23373.3266,1143408.681,-18545.2946,1138580.649,1.0
822,823.0,-23373.3266,1138580.649,-18545.2946,1133752.617,1.0
823,824.0,-23373.3266,1133752.617,-18545.2946,1128924.585,1.0
824,825.0,-23373.3266,1128924.585,-18545.2946,1124096.553,1.0
825,826.0,-23373.3266,1124096.553,-18545.2946,1119268.521,1.0
826,827.0,-18545.2946,1186860.969,-13717.2626,1182032.937,0.0
827,828.0,-18545.2946,1182032.937,-13717.2626,1177204.905,0.0
828,829.0,-18545.2946,1177204.905,-13717.2626,1172376.873,1.0
829,830.0,-18545.2946,1172376.873,-13717.2626,1167548.841,0.0
830,831.0,-18545.2946,1167548.841,-13717.2626,1162720.809,0.0
831,832.0,-18545.2946,1162720.809,-13717.2626,1157892.777,1.0
832,833.0,-18545.2946,1157892.777,-13717.2626,1153064.745,1.0
833,834.0,-18545.2946,1153064.745,-13717.2626,1148236.713,1.0
834,835.0,-18545.2946,1148236.713,-13717.2626,1143408.681,1.0
835,836.0,-18545.2946,1143408.681,-13717.2626,1138580.649,1.0
836,837.0,-18545.2946,1138580.649,-13717.2626,1133752.617,1.0
837,838.0,-18545.2946,1133752.617,-13717.2626,1128924.585,1.0
838,839.0,-18545.2946,1128924.585,-13717.2626,1124096.553,1.0
839,840.0,-13717.2626,1186860.969,-8889.230595,1182032.937,0.0
840,841.0,-13717.2626,1182032.937,-8889.230595,1177204.905,1.0
841,842.0,-13717.2626,1177204.905,-8889.230595,1172376.873,1.0
842,843.0,-13717.2626,1172376.873,-8889.230595,1167548.841,0.0
843,844.0,-13717.2626,1167548.841,-8889.230595,1162720.809,1.0
844,845.0,-13717.2626,1162720.809,-8889.230595,1157892.777,1.0
845,846.0,-13717.2626,1157892.777,-8889.230595,1153064.745,1.0
846,847.0,-13717.2626,1153064.745,-8889.230595,1148236.713,1.0
847,848.0,-13717.2626,1148236.713,-8889.230595,1143408.681,1.0
848,849.0,-13717.2626,1143408.681,-8889.230595,1138580.649,1.0
849,850.0,-13717.2626,1138580.649,-8889.230595,1133752.617,1.0
850,851.0,-13717.2626,1133752.617,-8889.230595,1128924.585,1.0
851,852.0,-8889.230595,1186860.969,-4061.198595,1182032.937,0.0
852,853.0,-8889.230595,1182032.937,-4061.198595,1177204.905,1.0
853,854.0,-8889.230595,1177204.905,-4061.198595,1172376.873,1.0
854,855.0,-8889.230595,1172376.873,-4061.198595,1167548.841,1.0
855,856.0,-8889.230595,1167548.841,-4061.198595,1162720.809,1.0
856,857.0,-8889.230595,1162720.809,-4061.198595,1157892.777,1.0
857,858.0,-8889.230595,1157892.777,-4061.198595,1153064.745,1.0
858,859.0,-8889.230595,1153064.745,-4061.198595,1148236.713,1.0
859,860.0,-8889.230595,1148236.713,-4061.198595,1143408.681,1.0
860,861.0,-8889.230595,1143408.681,-4061.198595,1138580.649,1.0
861,862.0,-8889.230595,1138580.649,-4061.198595,1133752.617,1.0
862,863.0,-4061.198595,1186860.969,766.8334048,1182032.937,0.0
863,864.0,-4061.198595,1182032.937,766.8334048,1177204.905,1.0
864,865.0,-4061.198595,1177204.905,766.8334048,1172376.873,1.0
865,866.0,-4061.198595,1172376.873,766.8334048,1167548.841,1.0
866,867.0,-4061.198595,1167548.841,766.8334048,1162720.809,1.0
867,868.0,-4061.198595,1162720.809,766.8334048,1157892.777,1.0
868,869.0,-4061.198595,1157892.777,766.8334048,1153064.745,1.0
869,870.0,-4061.198595,1153064.745,766.8334048,1148236.713,1.0
870,871.0,-4061.198595,1148236.713,766.8334048,1143408.681,1.0
871,872.0,-4061.198595,1143408.681,766.8334048,1138580.649,1.0
872,873.0,766.8334048,1186860.969,5594.865405,1182032.937,1.0
873,874.0,766.8334048,1182032.937,5594.865405,1177204.905,1.0
874,875.0,766.8334048,1177204.905,5594.865405,1172376.873,1.0
875,876.0,766.8334048,1172376.873,5594.865405,1167548.841,1.0
876,877.0,766.8334048,1167548.841,5594.865405,1162720.809,1.0
877,878.0,766.8334048,1162720.809,5594.865405,1157892.777,1.0
878,879.0,766.8334048,1157892.777,5594.865405,1153064.745,1.0
879,880.0,766.8334048,1153064.745,5594.865405,1148236.713,1.0
880,881.0,5594.865405,1186860.969,10422.8974,1182032.937,1.0
881,882.0,5594.865405,1182032.937,10422.8974,1177204.905,1.0
882,883.0,5594.865405,1177204.905,10422.8974,1172376.873,1.0
883,884.0,5594.865405,1172376.873,10422.8974,1167548.841,1.0
884,885.0,5594.865405,1167548.841,10422.8974,1162720.809,1.0
885,886.0,5594.865405,1162720.809,10422.8974,1157892.777,1.0
886,887.0,10422.8974,1186860.969,15250.9294,1182032.937,1.0
887,888.0,10422.8974,1182032.937,15250.9294,1177204.905,1.0
888,889.0,10422.8974,1177204.905,15250.9294,1172376.873,1.0
889,890.0,10422.8974,1172376.873,15250.9294,1167548.841,1.0
890,891.0,10422.8974,1167548.841,15250.9294,1162720.809,1.0
891,892.0,10422.8974,1162720.809,15250.9294,1157892.777,1.0
892,893.0,15250.9294,1186860.969,20078.9614,1182032.937,1.0
893,894.0,15250.9294,1182032.937,20078.9614,1177204.905,1.0
894,895.0,15250.9294,1177204.905,20078.9614,1172376.873,1.0
895,896.0,15250.9294,1172376.873,20078.9614,1167548.841,1.0
896,897.0,15250.9294,1167548.841,20078.9614,1162720.809,1.0
897,898.0,20078.9614,1186860.969,24906.9934,1182032.937,1.0
898,899.0,20078.9614,1182032.937,24906.9934,1177204.905,1.0
899,900.0,20078.9614,1177204.905,24906.9934,1172376.873,1.0
900,901.0,20078.9614,1172376.873,24906.9934,1167548.841,1.0
901,902.0,20078.9614,1167548.841,24906.9934,1162720.809,1.0
902,903.0,24906.9934,1186860.969,29735.0254,1182032.937,1.0
903,904.0,24906.9934,1182032.937,29735.0254,1177204.905,1.0
904,905.0,24906.9934,1177204.905,29735.0254,1172376.873,1.0
905,906.0,24906.9934,1172376.873,29735.0254,1167548.841,1.0
906,907.0,24906.9934,1167548.841,29735.0254,1162720.809,1.0
907,908.0,29735.0254,1186860.969,34563.0574,1182032.937,1.0
908,909.0,29735.0254,1182032.937,34563.0574,1177204.905,1.0
909,910.0,29735.0254,1177204.905,34563.0574,1172376.873,1.0
910,911.0,29735.0254,1172376.873,34563.0574,1167548.841,1.0
911,912.0,34563.0574,1186860.969,39391.0894,1182032.937,1.0
912,913.0,34563.0574,1182032.937,39391.0894,1177204.905,1.0
913,914.0,34563.0574,1177204.905,39391.0894,1172376.873,1.0
914,915.0,34563.0574,1172376.873,39391.0894,1167548.841,1.0
915,916.0,39391.0894,1186860.969,44219.1214,1182032.937,1.0
916,917.0,39391.0894,1182032.937,44219.1214,1177204.905,1.0
917,918.0,39391.0894,1177204.905,44219.1214,1172376.873,1.0
918,919.0,44219.1214,1186860.969,49047.1534,1182032.937,1.0
919,920.0,44219.1214,1182032.937,49047.1534,1177204.905,1.0
920,921.0,49047.1534,1186860.969,53875.1854,1182032.937,1.0
921,922.0,49047.1534,1182032.937,53875.1854,1177204.905,1.0
922,923.0,53875.1854,1186860.969,58703.2174,1182032.937,1.0
923,924.0,58703.2174,1186860.969,63531.2494,1182032.937,1.0
924,925.0,-134418.0626,1056504.105,-129590.0306,1051676.073,0.0
925,926.0,-134418.0626,1051676.073,-129590.0306,1046848.041,0.0
926,927.0,-134418.0626,1046848.041,-129590.0306,1042020.009,0.0
927,928.0,-134418.0626,1042020.009,-129590.0306,1037191.977,0.0
928,929.0,-129590.0306,1051676.073,-124761.9986,1046848.041,0.0
929,930.0,-129590.0306,1046848.041,-124761.9986,1042020.009,0.0
930,931.0,-129590.0306,1042020.009,-124761.9986,1037191.977,0.0
931,932.0,-129590.0306,1037191.977,-124761.9986,1032363.945,0.0
932,933.0,-129590.0306,1032363.945,-124761.9986,1027535.913,0.0
933,934.0,-129590.0306,1027535.913,-124761.9986,1022707.881,0.0
934,935.0,-129590.0306,1022707.881,-124761.9986,1017879.849,0.0
935,936.0,-129590.0306,1013051.817,-124761.9986,1008223.785,0.0
936,937.0,-129590.0306,1008223.785,-124761.9986,1003395.753,0.0
